region,month_no,popdensity,ssta,soi,typhoon_distance,typhoon_wind,rainfall,poverty,ndvi,evi,daily_temp,nightly_temp,polstab,dengue,dengue_next
X,5,444.58105,26.80000038,0.28,1.796220586,12.3971831,4.004433333,12926.38639,4952.233333,3891.2,11132.08889,6922.161111,-0.059418216,38,71
VI,6,694.6871535,26.84999943,0.325,3.420856485,20.41071429,3.118560417,12529.30013,6701.291667,4896.333333,11473.79246,13797.43585,-0.043601377,198,395
XII,3,273.658729,27.1500001,-0.0875,1.292185684,7.583333333,3.696971875,12567.88526,6666.645833,4556.791667,15207.0625,14851.4991,-0.061635676,30,45
VI,8,663.0614603,24.82500028,-0.175,-1,-1,0.687252083,12529.30013,6022.416667,4158.916667,15282.8625,0,-0.090802694,266,69
I,8,369.2660844,25.44999981,-0.56875,20.25211955,60.62420635,0.53955,14512.18652,7692.125,4931.625,15487.11429,7418.165865,-0.080951725,42,9
V,12,2138.303955,25.5250001,0.2,-1,-1,2.319448958,13185.27474,5842.3125,3505.208333,8933.9375,9239.84264,-0.064942622,194,135
VIII,11,505.911619,24.27499962,-0.125,4.895295534,27.28472222,4.574164583,11980.20573,7543.166667,5074.916667,12573.21528,14821.67593,-0.036948955,7,5
VIII,4,503.3777161,27.59999991,-0.675,1.982124385,15.93269231,1.460108333,11980.20573,6519.125,4544.375,15111.34306,14615.99686,-0.046244306,39,136
IX,1,368.1254634,25.87999992,-1.06,4.357188502,7.716129032,3.713346184,12786.95898,8105.866667,5871.5,15240.14889,13682.99406,-0.051757035,72,73
X,5,438.7195108,26.25,-0.4125,10.38267336,25.55555556,2.8926625,12926.38639,5070.5,3452.875,8891.875,11042.49573,-0.072411307,149,223
V,1,2188.337412,24.92000008,1.06,-1,-1,4.246805,13231.64466,5731.966667,3799.883333,9571.243333,13291.57877,-0.035320015,7,8
XI,1,410.703518,24.9000001,1.2625,-1,-1,2.514953125,13562.44726,5884.75,4338.6875,14544.3125,9310.070662,-0.095659922,26,54
VII,3,1034.82836,27.14000015,-0.16,11.2451634,27.18369565,2.490185,15064.20898,6497.6,4579.3,15212.42667,14708.59167,-0.085241015,42,53
VI,5,685.7528952,26.80000038,0.28,1.841912606,12.3971831,3.076553333,12529.30013,6562.866667,4474.7,15329.32685,10926.08889,-0.059418216,101,289
XII,5,261.7376801,26.92500019,-0.2,-1,-1,2.46214375,12567.88526,7785.8125,5558.25,15703.8125,11306.59225,-0.092983021,45,52
XI,1,436.2085983,25.87999992,-1.06,3.811015493,7.716129032,4.3026,13562.44726,7388.85,4793.45,16257.39762,14606.36028,-0.051757035,223,182
VII,7,1081.822527,25.42500019,-0.425,5.540492785,9.597222223,0.67675625,15064.20898,6122.375,5290.375,11481.75,7514.107142,-0.057158113,160,292
IX,12,367.7477627,25.75,-0.3875,17.15805178,36.32221574,4.032697973,12786.95898,8320.25,5180.916667,12634.625,11113.67083,-0.051110161,18,72
VII,4,1056.681615,27.25,-0.175,7.946895615,33.48958333,3.51061875,15064.20898,3717.416667,2915.625,15231.28274,14840.78783,-0.073331578,96,57
VIII,7,495.939485,25.82499981,0.225,4.500674632,25.00724638,3.374122917,11980.20573,6193.875,4667.125,12627.68055,13931.88687,-0.070304164,183,262
II,11,257.4507031,24.27499962,-0.125,4.198438203,27.28472222,1.159470833,13819.59017,6282.75,3970.125,12631.61806,8569.230556,-0.036948955,72,40
XI,11,415.9635585,24.34999943,0.1375,-1,-1,1.25359375,13562.44726,6881.25,4364.6875,12618.25,3715.53125,-0.088508188,55,72
III,1,1034.761922,26.42499972,-0.3875,6.858067944,8.403225808,0.91489,13843.37539,6217.15,4257.075,15082.44917,14573.28667,-0.067107047,212,82
VII,11,1068.478504,25.37999954,0.26,11.24707962,55.16327561,1.04528,15064.20898,6921.7,5631.9,15264.26,14692.47778,-0.066063215,508,301
VI,7,670.6516267,26.1500001,-0.51875,19.92187588,61.5497489,0.843375,12529.30013,7566.125,5411.208333,15372.99157,13719.20833,-0.081772585,523,348
XIII,12,351.4784917,25.75,-0.3875,15.16123499,36.32221574,2.17101875,14437.67285,7050.875,5279.5,12512.06528,10918.51389,-0.051110161,8,383
XI,12,429.2971497,25.5250001,0.2,-1,-1,2.468359375,13562.44726,6052.5625,3473.1875,13686.13542,9168.9375,-0.064942622,146,148
IX,8,353.1433363,24.82500028,-0.175,-1,-1,1.12375055,12786.95898,5667.041667,4251.958333,5074.263889,10163.56482,-0.090802694,135,61
X,1,442.6272036,25.82500029,-0.3625,2.282386936,8.681818183,3.682954167,12926.38639,5055.916667,3769.513889,12729.78472,13433.19249,-0.097857243,100,58
IX,2,364.0966561,26.3800003,0.88,2.237893641,5.670588236,4.31110614,12786.95898,8030.277778,5504.911111,7089.577778,14734.38051,-0.062791719,20,27
III,6,995.7519832,26.5,0.1125,-1,-1,2.11761125,13843.37539,6563.1,5042.475,7667.012263,6833.29697,-0.092324385,419,1778
XII,8,262.7847993,24.82500028,-0.175,-1,-1,1.34924375,12567.88526,7148.625,4703.6875,7823.416666,9490.347223,-0.090802694,42,24
V,10,2086.195377,24.44999981,0.2625,-1,-1,1.069439583,13185.27474,8009.770833,5425.125,9576.747917,11290.94714,-0.089226277,76,47
VII,4,1117.213195,27.1800003,0.46,-1,-1,2.922475,15322.7707,5085.2,3550.7,15262.11667,14738.49356,-0.030188834,72,46
XII,3,265.2415019,27.14000015,-0.16,11.35601232,27.18369565,2.77131,12567.88526,6947.9,4441.95,10607.78333,14791.09006,-0.085241015,14,28
I,1,374.0362413,25.82500029,-0.3625,2.81463669,8.681818183,1.00211875,14512.18652,5651.291667,3483.875,15329.93056,14571.9158,-0.097857244,25,22
XI,11,422.3245378,26.32499981,-0.725,80.6987771,53.46153846,2.721296875,13562.44726,6982.333333,4077.645833,16971.54445,13003.91364,-0.078212631,203,71
V,1,2116.169338,26.42499972,-0.3875,6.123256878,8.403225808,1.424775,13185.27474,6018.104167,3950.395833,9380.7875,14629.09462,-0.067107047,89,63
VIII,6,491.3212426,27.13999977,-0.32,10.2852461,31.54166667,3.57813,11980.20573,6739.9,4617.933333,15266.07222,11891.24578,-0.082683391,67,109
XII,7,279.2567891,26.07999992,5.55E-18,11.79488172,29.25222875,1.062555,12567.88526,5505,3965.4,10811.225,7570.541958,-0.042262508,286,215
X,2,431.4623669,26.0250001,0.6125,-1,-1,6.252375,12926.38639,5178.666667,3810.5,11401.45278,13442.25806,-0.086100716,21,31
XIII,5,349.5652356,26.80000038,0.28,1.614642729,12.3971831,2.81685,14437.67285,7659.033333,5089.3,15529.79312,12941.80424,-0.059418216,25,50
XI,2,430.3369251,26.3800003,0.88,1.768732567,5.670588236,5.6524875,13562.44726,7414.116667,5109.466667,14000.01,13403.51107,-0.062791719,135,165
I,5,371.780086,26.25,-0.4125,10.34400055,25.55555556,1.637725,14512.18652,2423.625,1581,15799.72917,7593.830163,-0.072411307,7,21
CAR,6,187.4306035,26.42500019,-0.6875,10.51438698,77.35136128,0.690371875,14291.15308,7757.4375,4584.28125,13217.48735,6341.229167,-0.058227142,88,58
V,4,2098.184961,27.57499981,-0.3625,-1,-1,4.100348958,13185.27474,6865.416667,4800.5,13995.28819,14831.12722,-0.084368467,17,17
XI,10,434.6183535,25.32000008,-0.34,15.01365587,59.96666667,3.9751125,13562.44726,7165.5,4678,16433.53439,11897.99134,-0.053480226,147,168
I,5,365.0760818,26.92500019,-0.2,-1,-1,1.932025,14512.18652,6769.125,4248,15817.075,7505.75,-0.092983021,14,70
V,11,2136.228834,25.37999954,0.26,10.38946372,55.16327561,1.313788333,13185.27474,7104.383333,4843.05,14070.97722,14810.15971,-0.066063215,234,194
X,9,429.061927,24.27999992,0.12,-1,-1,0.875076667,12926.38639,6671.133333,5567.933333,12382.65778,8019.316363,-0.090021049,203,130
XI,1,417.0644973,25.02499962,0.6625,-1,-1,2.84,13562.44726,7079.125,4711.6875,15639.64435,14805.6894,-0.087570089,123,60
X,1,425.2100584,24.9000001,1.2625,-1,-1,2.343166667,12926.38639,6036.375,4127,7610.111111,12338.95505,-0.095659922,39,19
VI,6,678.1627288,25.84000015,-0.24,6.032264249,30.08646616,2.640485,12529.30013,7403.666667,5269.2,15329.49907,10137.76444,-0.071363809,59,202
CAR,4,187.1408748,27.39999962,-0.1875,4.305155083,21,1.6761625,14291.15308,7122.541667,4341.645833,15218.13279,14536.29386,-0.06059766,77,80
V,5,2076.050344,26.92500019,-0.2,-1,-1,1.8723625,13185.27474,7605.270833,5429.4375,12268.5375,14602.51135,-0.092983021,50,105
V,7,2128.158922,25.82499981,0.225,4.085034545,25.00724638,3.2774125,13185.27474,7741.541667,5715.875,12844.35417,14515.28151,-0.070304164,471,555
VIII,3,494.509056,27.2,-0.22,-1,-1,3.816616667,11980.20573,6675.277778,4808.222222,14059.01222,14703.8373,-0.074354643,82,26
VII,7,1102.128648,26.07999992,5.55E-18,10.64731348,29.25222875,1.387915,15064.20898,4537.5,2528,12183.16667,8964.771428,-0.042262508,299,537
XI,12,422.8750071,26.45999985,-0.74,10.6707583,31.10289856,1.986225,13562.44726,7227.433333,4148.683333,15811.3954,14770.51973,-0.077238993,71,125
IX,10,353.8987377,24.44999981,0.2625,-1,-1,1.105113745,12786.95898,8305.958333,5494.166667,12978.34167,12356.99537,-0.089226277,22,23
III,3,1014.316954,27.14000015,-0.16,12.67318432,27.18369565,2.392559,13843.37539,5833.32,3730.54,14699.89078,14761.19199,-0.085241015,16,8
CAR,8,184.3401647,25.44999981,-0.56875,20.42920497,60.62420635,0.78504375,14291.15308,7337.875,4612.34375,13106.11443,9873.24992,-0.080951725,24,24
X,2,448.9911605,26.19999981,-1.825,-1,-1,3.225820833,12926.38639,6863.75,4455.75,15200.71528,14752.48448,-0.048554813,366,231
XII,4,273.9809195,27.39999962,-0.1875,3.67703873,21,3.256653125,12567.88526,7210.291667,5130.895833,13398.79167,12952.41503,-0.06059766,45,54
XII,3,277.8472056,26.875,-0.0375,1.93046047,11.0882353,1.508196875,12567.88526,6958.75,4073,11631.34375,13049.07292,-0.047404139,169,167
CAR,4,190.5049462,27.1800003,0.46,-1,-1,1.31814,14585.97261,7195.7,4082.95,15232.818,14490.19459,-0.030188834,8,11
XII,6,270.4770977,25.84000015,-0.24,7.687412473,30.08646616,6.1173825,12567.88526,7069.4,4703.8,15264.35833,10431.19083,-0.071363809,260,168
V,7,2176.347828,26.07999992,5.55E-18,9.785866158,29.25222875,1.1700075,13185.27474,6494.85,4641.583333,7801.533333,10124.52384,-0.042262508,48,79
CAR,11,186.4487453,25.37999954,0.26,10.48622762,55.16327561,1.5229625,14291.15308,7924,4372.85,12473.50274,14343.98608,-0.066063215,42,33
V,8,2082.045136,24.82500028,-0.175,-1,-1,0.541253125,13185.27474,5193.354167,3853.333333,3310.166667,9522.245886,-0.090802694,277,122
VI,12,690.5758134,25.75,-0.3875,16.70042965,36.32221574,2.891625,12529.30013,7123.541667,4391.708333,15121.14236,14766.52454,-0.051110161,12,66
IX,3,373.2034393,26.45000028,1.5375,2.762838012,6.984375,1.908393397,13022.11857,7843.763889,6358.583333,14016.77083,11218.00031,-0.031624789,51,7
XIII,1,348.4674657,25.82500029,-0.3625,1.951205003,8.681818183,2.17986875,14437.67285,7375.097222,4615.416667,13861.46968,14723.97375,-0.097857243,41,38
VI,4,660.2942122,27.52000046,-0.08,-1,-1,1.60014,12529.30013,6467.833333,4813.366667,15476.32667,14748.66453,-0.09371067,10,15
XI,4,444.1598223,27.1800003,0.46,-1,-1,3.8553,13921.96445,6811.533333,4643.85,15985.76266,13467.71791,-0.030188834,78,7
V,9,2108.099425,25.54000015,-0.52,17.63389824,42.86078947,1.832961667,13185.27474,7567.033333,5449.983333,9719.275,11000.38955,-0.080015646,151,76
VIII,6,487.0299555,26.5,0.1125,-1,-1,3.591479167,11980.20573,5864.541667,4504.833333,7710.602778,7509.297709,-0.092324385,42,239
II,9,246.1820157,25.54000015,-0.52,17.48963535,42.86078947,1.106973333,13819.59017,6812.4,4645.533333,15406.67778,11849.30353,-0.080015646,191,221
VI,5,661.0057903,26.92500019,-0.2,-1,-1,2.270745833,12529.30013,6819.333333,4505.291667,15567.97083,15167.62727,-0.092983021,15,78
CAR,11,188.138829,25.44999981,-0.7375,7.770712573,31.34782609,0.68310625,14291.15308,3873.625,2143.25,9265.672396,10675.96607,-0.052230826,32,20
I,6,378.8063981,26.84999943,0.325,3.459754995,20.41071429,4.31095,14512.18652,6987,4936.5,15780.625,3823.055555,-0.043601377,59,300
XII,10,271.8866812,25.32499981,-0.1125,20.48550356,53.54285714,1.569175,12567.88526,6745.1875,5057.4375,11593.5625,9402.333334,-0.067171899,1,1
IX,8,361.9143855,25.09999962,0.02,10.56520258,38.99189189,0.037617767,12786.95898,8030.066667,6049.933333,13230.76111,4960.933333,-0.069231491,95,86
IX,7,361.5366848,25.82499981,0.225,5.798669228,25.00724638,0.635076921,12786.95898,6171.875,4818.708333,7685.958333,3764.25,-0.070304164,114,95
IX,1,363.7189554,25.82500029,-0.3625,2.643772017,8.681818183,3.143658563,12786.95898,7987.527778,5505.319444,13904.85556,13647.21647,-0.097857243,23,20
CAR,6,184.0665321,27.13999977,-0.32,9.170582543,31.54166667,2.75119375,14291.15308,7418.85,4843.925,14265.95738,9420.791941,-0.082683391,15,41
VII,1,1112.185013,24.92000008,1.06,-1,-1,3.042015,15098.68379,6296.5,5018.5,11879.53333,14671.53905,-0.035320015,207,152
II,4,244.7181076,27.57499981,-0.3625,-1,-1,1.684466667,13819.59017,5298.666667,3426,15546.46386,14834.27168,-0.084368467,24,18
XII,10,280.3039082,24.6800003,0.64,25.98647611,69.96132376,0.5298775,12567.88526,6686.75,4293.9,13910.83333,13352.22143,-0.03833144,72,47
XI,5,431.9271699,26.80000038,0.28,1.757720457,12.3971831,3.6991,13562.44726,6736,4295.55,14711.80655,11946.54277,-0.059418216,390,471
II,10,257.1443038,24.6800003,0.64,20.0767952,69.96132376,0.333858333,13819.59017,7040.233333,4541.9,13273.51111,10727.51176,-0.03833144,82,72
VIII,2,502.7238057,26.19999981,-1.825,-1,-1,2.5906375,11980.20573,8167.791667,5407.041667,15026.44444,14661.30567,-0.048554813,81,72
IX,3,351.2967996,27.10000038,0.6375,-1,-1,2.905036333,12786.95898,7496.694444,5250.569444,15479.49306,7373,-0.094424956,27,78
IX,5,360.7812834,26.25,-0.4125,10.93648972,25.55555556,3.459747425,12786.95898,7690.833333,5738.25,7832.083333,7342.014286,-0.072411307,46,116
II,12,243.5265546,24.55999985,-0.32,3.368273803,11.02845745,0.951595,13819.59017,6650.477778,4323.844444,12016.78333,14452.03847,-0.087687304,41,29
XII,6,278.8943248,26.84999943,0.325,3.551863649,20.41071429,5.829471875,12567.88526,7471.6875,4939.875,11619.6875,11338.37463,-0.043601377,359,286
X,2,425.6566519,25.87499953,1.4,-1,-1,8.9285875,12926.38639,7065.472222,4476.194444,11385.79167,13513.63615,-0.095047958,19,38
I,6,372.0701631,25.84000015,-0.24,4.479749092,30.08646616,1.47804,14512.18652,4940.6,2855.7,15590.02333,14929.7924,-0.071363809,21,69
XII,10,263.509728,24.44999981,0.2625,-1,-1,1.51385625,12567.88526,7839.1875,5573.9375,13677.10417,13310.10545,-0.089226277,11,4
VIII,9,500.925552,25.0999999,-0.225,17.82297778,62.21869277,0.828270833,11980.20573,7648.208333,5448.208333,15283.18155,14951.48643,-0.054718233,143,106
I,2,367.5900834,26.0250001,0.6125,-1,-1,3.0152125,14512.18652,4675,2782,15429.46667,14756.96786,-0.086100716,4,0
II,10,250.0290298,25.32499981,-0.1125,15.24948139,53.54285714,0.428633333,13819.59017,4635.916667,3357.75,14007.06944,12262.05527,-0.067171899,438,147
X,3,426.1032453,27.10000038,0.6375,-1,-1,3.353420833,12926.38639,6252.111111,4354.138889,10356.20833,9840.930556,-0.094424956,38,50
IX,6,352.3879349,26.5,0.1125,-1,-1,2.685370396,12786.95898,6588.083333,4763.875,5179.833333,4960.416667,-0.092324385,231,219
I,2,377.7105512,26.19999981,-1.825,-1,-1,2.95185625,14512.18652,4617.625,2689.25,15474.22083,14782.31435,-0.048554813,10,10
VII,7,1021.290946,25.54000015,-0.28,-1,-1,0.401015,15064.20898,6047.8,4876.7,15518.59524,15434.9,-0.091570151,703,695
III,4,1065.311874,27.39999962,-0.1875,4.321703101,21,1.61009875,13843.37539,5897.558333,3859.675,15315.67198,14875.93231,-0.06059766,25,40
VI,9,663.7730384,24.27999992,0.12,-1,-1,0.124205,12529.30013,6868.8,5153.966667,13547.05873,12119.78889,-0.090021049,69,9
XII,3,261.0127515,27.10000038,0.6375,-1,-1,4.158178125,12567.88526,7862.916667,5126.9375,13395.40625,7487.5625,-0.094424956,37,37
VIII,11,493.0786269,26.32499981,-0.725,79.63362198,53.46153846,1.529620833,11980.20573,6599.736111,4610.5,12793.4631,13528.40842,-0.078212631,34,16
XI,6,438.8386185,26.84999943,0.325,3.271014027,20.41071429,5.98175,13562.44726,7359.4375,5220,15842.67708,11381.875,-0.043601377,231,342
XI,3,443.609353,26.45000028,1.5375,2.046810861,6.984375,2.898796875,13814.10938,6400.291667,4601.208333,16164.03423,14879.40705,-0.031624789,113,78
CAR,6,182.3764484,26.5,0.1125,-1,-1,1.9050125,14291.15308,7228.5625,4981.15625,7618.488096,3583.21875,-0.092324385,90,157
IX,6,365.5654921,26.42500019,-0.6875,14.13603412,77.35136128,1.939473422,12786.95898,8022.5,5517.916667,10241.79167,10092.43333,-0.058227142,106,102
XIII,9,340.845806,24.27999992,0.12,-1,-1,0.406365,14437.67285,7686.266667,5454.4,15519.785,11983.31746,-0.090021049,38,40
VII,2,1073.506686,26.3800003,0.88,1.935486598,5.670588236,3.326965,15064.20898,3792.066667,2775.933333,6019.466666,14624.5241,-0.062791719,80,43
X,9,434.8676421,25.54000015,-0.52,18.79073388,42.86078947,1.690723333,12926.38639,6106.433333,4585.666667,7249.261111,11045.16,-0.080015646,146,158
XI,4,412.2325996,27.52000046,-0.08,-1,-1,2.9278625,13562.44726,7157.8,4982.3,16043.49612,10235.91667,-0.09371067,68,225
X,11,453.3454468,24.27499962,-0.125,6.52904417,27.28472222,2.457508333,12926.38639,7612.375,5332.75,14024.8125,11104.61111,-0.036948955,177,82
V,7,2079.970016,25.54000015,-0.28,-1,-1,0.911759167,13185.27474,7390.766667,5136.15,13555.23333,13191.70201,-0.091570151,261,277
I,11,366.7520828,24.34999943,0.1375,-1,-1,4.05003125,14512.18652,6327.291667,4082.583333,15392.3125,14640.78482,-0.088508188,7,0
II,9,256.8379044,24.625,0.7,14.66494655,65.51662234,0.9663875,13819.59017,6351.916667,4810.666667,12651.78724,11062.73088,-0.03970309,172,82
IX,12,372.112304,24.1500001,0.6375,2.390185705,7.5,2.51383909,12786.95898,8541.333333,5890.666667,14111.8125,7658.751082,-0.03571049,52,52
VI,3,684.4088032,27.1500001,-0.0875,1.143722029,7.583333333,1.65626875,12529.30013,6096.916667,4078.763889,12778.55718,13675.06773,-0.061635676,25,41
XII,6,274.7058481,26.42500019,-0.6875,14.68342693,77.35136128,2.023084375,12567.88526,7723,5406.1875,13304.125,7331.235578,-0.058227142,120,228
VII,6,1100.388123,26.84999943,0.325,3.25656476,20.41071429,4.51055,15064.20898,5254.75,3097.375,15437.16667,7345.35,-0.043601377,163,299
II,10,253.603689,25.32000008,-0.34,12.8078992,59.96666667,1.312083333,13819.59017,6367.9,3995.1,14215.76079,13549.86955,-0.053480226,163,103
XI,7,420.2449869,26.1500001,-0.51875,21.23241574,61.5497489,1.660734375,13562.44726,7570.25,5543.125,15458.0625,14827.24673,-0.081772585,340,406
CAR,12,189.9415849,24.1500001,0.6375,2.59504222,7.5,2.697303125,14291.15308,5712,3488.875,10224.32292,12293.44408,-0.03571049,29,36
VIII,5,486.7030002,26.92500019,-0.2,-1,-1,2.063933333,11980.20573,7225.875,5182.708333,15262.24028,15219.37303,-0.092983021,39,42
I,3,367.8801605,27.14000015,-0.16,13.23422819,27.18369565,2.76097,14512.18652,3993.7,2609.5,15581.35873,14803.0804,-0.085241015,0,0
X,6,433.4162133,27.13999977,-0.32,11.478525,31.54166667,6.060366667,12926.38639,6030.033333,4088.533333,7221.166667,6907.902222,-0.082683391,53,129
VII,12,1049.912907,26.45999985,-0.74,11.21893875,31.10289856,0.761025,15064.20898,6843,5009.333333,15114.71667,14603.97686,-0.077238993,376,293
V,11,2160.438572,25.44999981,-0.7375,6.68678957,31.34782609,0.906634375,13185.27474,5441.479167,3974.4375,10121.21875,12963.97613,-0.052230826,44,28
VII,11,1108.897355,24.27499962,-0.125,5.61136825,27.28472222,3.48281875,15064.20898,6394.625,4881.875,11635,14935.5,-0.036948955,201,124
CAR,12,186.5936096,25.5250001,0.2,-1,-1,1.198635937,14291.15308,7706.375,4152.46875,11137.06667,11538.53349,-0.064942622,33,16
III,9,1075.651857,25.0999999,-0.225,16.86789452,62.21869277,0.42598,13843.37539,7287.3,5367.2,15241.70512,9644.198838,-0.054718233,383,281
II,4,241.1434485,27.52000046,-0.08,-1,-1,1.171105,13819.59017,6546,4086.6,15517.7627,14850.82538,-0.09371067,32,36
I,9,376.2923965,25.0999999,-0.225,15.04168822,62.21869277,0.72280625,14512.18652,7549.375,5378.875,15340.84167,11238.76532,-0.054718233,82,49
III,10,1102.206815,24.6800003,0.64,20.33914815,69.96132376,0.670821,13843.37539,7370.18,5106.12,14623.54143,10747.35637,-0.03833144,352,312
X,2,443.1296212,26.3800003,0.88,1.910798585,5.670588236,4.40673,12926.38639,6060.5,4243.422222,10178.16667,14731.46895,-0.062791719,58,66
CAR,12,184.9035259,26.45999985,-0.74,12.17869035,31.10289856,1.02900625,14291.15308,7759.766667,3759.325,14837.12679,14316.65045,-0.077238993,19,13
XII,12,264.1943828,24.55999985,-0.32,4.018752825,11.02845745,3.427075,12567.88526,7560.7,5375.033333,9151.041667,8943.566029,-0.087687304,8,11
VIII,5,499.4951229,26.80000038,0.28,1.583127609,12.3971831,4.086781667,11980.20573,7255.066667,4885.166667,14191.7881,11920.63953,-0.059418216,69,84
VII,6,1059.969272,25.84000015,-0.24,5.98796484,30.08646616,3.802345,15064.20898,2800.9,2282.2,15170.26667,6011.85,-0.071363809,133,280
X,5,427.1080806,26.92500019,-0.2,-1,-1,2.023391667,12926.38639,6488.791667,4767.375,10341.23611,6218.083333,-0.092983021,62,152
XII,8,266.9732759,25.44999981,-0.56875,24.50380467,60.62420635,0.9528375,12567.88526,6508.5625,4508.5625,11548.41667,9334.176136,-0.080951725,53,33
XI,5,425.5050274,26.25,-0.4125,10.25843391,25.55555556,2.92875,13562.44726,7155.6875,4768,15956.66667,9308.84375,-0.072411307,236,410
I,1,363.980235,24.9000001,1.2625,-1,-1,3.501625,14512.18652,6042.75,3604.125,15395.17857,14997.3531,-0.095659922,11,6
XIII,2,348.7497494,26.3800003,0.88,1.625981424,5.670588236,2.239085,14437.67285,7116.988889,4513.9,13011.16,14850.7018,-0.062791719,38,38
I,2,364.2380813,25.87499953,1.4,-1,-1,1.19150625,14512.18652,5447.375,3296.791667,15680.20833,14854.20347,-0.095047959,6,1
VIII,3,485.967351,27.10000038,0.6375,-1,-1,2.952379167,11980.20573,6784.930556,5037.194444,14980.54068,14673.84028,-0.094424956,64,25
X,9,440.7291814,24.94999981,-0.0625,28.84282116,67.76515151,1.357945833,12926.38639,5877,4074.583333,8858.222222,3712.291667,-0.068146767,386,376
X,11,435.8166532,26.32499981,-0.725,80.79529158,53.46153846,2.431916667,12926.38639,5316.791667,3819.805556,8812.594444,13549.06458,-0.078212631,122,89
I,3,364.4959276,27.10000038,0.6375,-1,-1,1.746725,14512.18652,5554.625,3398.833333,15667.50357,14980.16595,-0.094424956,1,9
III,3,1038.756915,27.2,-0.22,-1,-1,2.271983,13843.37539,6099.04,3718.893333,15287.12921,14770.04028,-0.074354643,68,29
XII,4,265.6039663,27.57499981,-0.3625,-1,-1,4.979684375,12567.88526,7274.5,4779.25,15418.06667,13080.09945,-0.084368467,28,23
II,2,251.2205829,26.3800003,0.88,2.337183316,5.670588236,1.716913333,13819.59017,6847.711111,4696.244444,14117.11429,13556.79077,-0.062791719,21,11
I,10,379.9344757,24.6800003,0.64,19.78580535,69.96132376,0.522655,14512.18652,7230.2,4470.4,15427.45429,14885.78957,-0.03833144,76,31
IX,11,363.0055208,25.37999954,0.26,12.40149001,55.16327561,1.132356,12786.95898,7875.7,5410.433333,14169.46667,13943.07454,-0.066063215,18,18
III,12,1106.201809,24.1500001,0.6375,2.260797465,7.5,2.46302875,13843.37539,5867.9,3871.6,12820.7175,9571.870294,-0.03571049,285,303
II,6,245.296862,27.13999977,-0.32,9.021189612,31.54166667,1.672541667,13819.59017,5924.166667,3876.8,14470.74085,9939.138365,-0.082683391,24,56
VI,2,683.6972251,26.3800003,0.88,2.113003734,5.670588236,2.659421667,12529.30013,5923.211111,4125.033333,14290.66444,14744.69672,-0.062791719,26,25
XII,10,276.1154316,25.32000008,-0.34,15.83701198,59.96666667,5.3102225,12567.88526,7786.8,5349.85,15344.38667,13406.94797,-0.053480226,43,59
VII,11,1048.172383,26.32499981,-0.725,80.40868917,53.46153846,2.1249625,15064.20898,7136.5,5786.458333,7508.625,11204.9875,-0.078212631,510,376
VIII,4,490.6264628,27.57499981,-0.3625,-1,-1,3.376025,11980.20573,6559.5,5586.333333,15098.26944,14623.82028,-0.084368467,21,56
VII,4,1016.262764,27.52000046,-0.08,-1,-1,2.045385,15064.20898,5541.2,3897.1,15177.6,14705.8846,-0.09371067,141,180
III,11,1006.091967,24.34999943,0.1375,-1,-1,1.56640125,13843.37539,7090.533333,4737.716667,14267.66333,13454.09941,-0.088508188,125,45
VIII,7,491.6890672,26.1500001,-0.51875,18.86004759,61.5497489,1.021764583,11980.20573,5811.208333,4271.5,15243.69861,12456.02768,-0.081772585,109,106
IX,5,352.052201,26.92500019,-0.2,-1,-1,2.087319124,12786.95898,8104.75,5929.75,14394.36389,2570.5,-0.092983021,126,231
XII,8,271.2020264,25.09999962,0.02,10.87542299,38.99189189,0.04046,12567.88526,7630.25,4927.55,10762.45,8936.65,-0.069231491,7,3
VI,8,696.1103097,25.25000047,-0.0375,19.32385773,63.6910636,0.272233333,12529.30013,6430.291667,4944,15300.63889,4968.125,-0.040912665,346,157
I,9,369.5561615,25.54000015,-0.52,17.65780554,42.86078947,2.943,14512.18652,7859.9,5145.3,15530.37429,12099.41597,-0.080015646,9,7
VII,11,1028.059653,24.34999943,0.1375,-1,-1,1.85130625,15064.20898,2911.166667,2810.458333,7554.5,7324.375,-0.088508188,202,142
II,12,257.7230581,24.1500001,0.6375,2.726219013,7.5,1.741635417,13819.59017,4395.333333,3447.333333,3748.375,11950.11099,-0.03571049,40,29
XIII,3,345.7387234,27.2,-0.22,-1,-1,1.352485,14437.67285,7310.644444,5348,15266.43619,14827.55479,-0.074354643,38,30
X,10,452.8430291,24.6800003,0.64,24.65975818,69.96132376,0.72337,12926.38639,5011.066667,4082.366667,8222.131111,13837.60911,-0.03833144,254,177
XIII,11,351.2275729,25.44999981,-0.7375,6.617668228,31.34782609,0.4419375,14437.67285,7481.125,5107.291667,15350.32784,14861.02096,-0.052230826,56,8
VII,9,1085.303576,25.0999999,-0.225,19.06488494,62.21869277,1.14935625,15064.20898,6898.875,5269.625,11460.14583,14687.35119,-0.054718233,319,194
X,11,430.0109381,24.34999943,0.1375,-1,-1,1.125758333,12926.38639,6213.263889,4824.541667,9052.833333,5035.11859,-0.088508188,61,61
XI,1,423.4254765,26.42499972,-0.3875,5.729332491,8.403225808,1.42,13562.44726,7603.4375,5223.0625,15614.57917,14281.08569,-0.067107047,125,81
CAR,8,186.0302484,25.09999962,0.02,7.793609714,38.99189189,0.32674375,14291.15308,6965.775,4940.4,10616.16333,2827.95,-0.069231491,274,147
II,7,245.6032613,26.1500001,-0.51875,17.04551759,61.5497489,0.690683333,13819.59017,6190.333333,4696.041667,13023.50556,6263.743056,-0.081772585,56,110
VI,5,669.2284705,27.25,-0.575,7.833605473,23.45,2.8353375,12529.30013,5758.625,4188.916667,14142.66035,15137.51168,-0.083581491,17,131
VII,10,1087.044101,25.32000008,-0.34,14.36900182,59.96666667,1.849395,15064.20898,8107.8,6068.5,15238.5,14709.42721,-0.053480226,194,315
XIII,4,339.4657525,27.52000046,-0.08,-1,-1,1.605035,14437.67285,7411.6,5543.4,14296.61222,12847.50311,-0.09371067,11,20
VIII,5,503.7455407,27.66000023,-0.32,-1,-1,0.709373333,11980.20573,6403.1,4818.1,15362.88,14744.83166,-0.044928377,136,142
XII,4,282.3981466,27.1800003,0.46,-1,-1,4.641705,12843.96396,7528.766667,5395.85,15251.525,13366.32736,-0.030188834,28,32
XIII,7,346.8364933,25.82499981,0.225,5.170735738,25.00724638,1.26058125,14437.67285,7711.666667,5426.666667,14323.80923,7588.737179,-0.070304164,50,75
XII,9,275.7529673,25.0999999,-0.225,21.74247332,62.21869277,1.983453125,12567.88526,7428.5,4933.875,15425,14787.92782,-0.054718233,63,43
VII,1,1051.653432,26.42499972,-0.3875,6.12000313,8.403225808,1.3535125,15064.20898,5860,4015.625,11303.39583,14559.10925,-0.067107047,293,196
XI,6,432.4776393,26.42500019,-0.6875,13.82399412,77.35136128,1.94140625,13562.44726,6948.4375,4339,15471.05,7549.75,-0.058227142,471,327
CAR,1,190.0864493,24.92000008,1.06,-1,-1,2.2357675,14330.46245,7618.875,3982.075,14838.1525,13625.9741,-0.035320015,36,9
CAR,5,188.9597268,27.66000023,-0.32,-1,-1,0.48243625,14291.15308,6730.775,3653.15,14480.69583,10274.04593,-0.044928377,5,30
XIII,2,338.9325499,25.87499953,1.4,-1,-1,4.55619375,14437.67285,7243.138889,4882.416667,15246.57361,11309.91898,-0.095047958,12,13
V,9,2156.288331,25.09999991,-0.225,16.85089393,62.21869277,0.924664583,13185.27474,7211.6875,5165.6875,12704.68889,14963.70419,-0.054718233,98,53
XI,1,429.7864557,25.82500029,-0.3625,2.255905826,8.681818183,4.218953125,13562.44726,7055.291667,4736.416667,15760.82386,14746.77113,-0.097857244,148,135
VIII,3,490.2586382,27.14000015,-0.16,10.92370293,27.18369565,3.059103333,11980.20573,7511.5,5715.9,12987.15698,13665.53445,-0.085241015,21,21
V,2,2166.433364,26.19999981,-1.825,-1,-1,4.841846875,13185.27474,6861.020833,4765.416667,13394.03333,14739.69085,-0.048554813,32,18
VII,6,1019.550422,26.5,0.1125,-1,-1,2.60016875,15064.20898,5389.5,4185,3933,7542.375,-0.092324385,284,703
VIII,3,507.3011787,26.45000028,1.5375,2.588681131,6.984375,2.585622917,12219.9681,6374.263889,5008.805556,15010.21528,14772.17636,-0.031624789,10,0
III,5,1042.751909,26.25,-0.4125,10.36481555,25.55555556,1.56486625,13843.37539,5870.65,3796.625,11528.01667,8161.017968,-0.072411307,28,59
XIII,12,341.6612923,24.55999985,-0.32,3.640952291,11.02845745,1.39006,14437.67285,5177.566667,3586.588889,10023.95444,8700.925715,-0.087687304,28,27
V,9,2180.267499,24.625,0.7,15.81471042,65.51662234,3.412961458,13185.27474,7082.729167,5257.020833,9580.75,9414.257639,-0.03970309,37,14
V,5,2148.218418,26.80000038,0.28,1.669922147,12.3971831,3.585351667,13185.27474,7012.416667,4634.183333,12832.65278,12965.33332,-0.059418216,87,166
CAR,5,187.2857391,26.80000038,0.28,2.074689431,12.3971831,1.93516125,14291.15308,7532.525,4611.575,12160.07917,10855.8522,-0.059418216,80,88
XII,1,281.3510274,24.92000008,1.06,-1,-1,2.8109075,12604.6958,7839.75,5417.55,13586.45,11971.31909,-0.035320015,79,58
XIII,8,347.118777,25.09999962,0.02,9.622576639,38.99189189,0.05941,14437.67285,7651.933333,5692.333333,13490.95,9194.6,-0.069231491,75,58
II,6,255.9527507,26.84999943,0.325,3.261420021,20.41071429,2.422333333,13819.59017,6367.625,3965.416667,15734.72917,11286.63884,-0.043601377,71,156
II,4,255.339952,27.59999991,-0.675,2.691605872,15.93269231,0.6609375,13819.59017,5679.166667,3936.541667,15505.71105,14860.99797,-0.046244306,30,31
CAR,8,187.7042361,25.1,-0.3,22.79172599,72.08639876,1.960195,14291.15308,8016.525,5170.3,14241.49333,7904.553637,-0.055943918,43,33
IX,6,361.1589841,25.84000015,-0.24,7.235610336,30.08646616,5.297263689,12786.95898,7938.9,6066.166667,12322.64444,3867.484849,-0.071363809,116,114
I,12,367.04216,24.55999985,-0.32,3.42624087,11.02845745,1.214805,14512.18652,5897.966667,3586.433333,15484.21714,14864.6284,-0.087687304,0,1
III,11,1104.321812,24.27499962,-0.125,4.791159535,27.28472222,2.00185625,13843.37539,7166.5,4721.625,15217.10917,13970.64185,-0.036948955,312,285
III,3,1087.871838,26.875,-0.0375,2.403619503,11.0882353,0.8570325,13843.37539,5972.4,3932.4,15323.37419,14745.50553,-0.047404139,110,88
VI,10,689.2317214,25.32000008,-0.34,14.67575513,59.96666667,1.433251667,12529.30013,6900.2,4679.266667,15477.49444,13923.17195,-0.053480226,92,71
XI,4,437.7376798,27.59999991,-0.675,2.209276975,15.93269231,3.216078125,13562.44726,7298.625,5126.625,15614.14546,14838.61187,-0.046244306,98,89
VI,9,680.2974631,24.94999981,-0.0625,27.92953531,67.76515151,0.97093125,12529.30013,7181.75,5159.875,14594.46111,8796.444444,-0.068146767,130,84
XIII,10,347.6519795,25.32499981,-0.1125,18.36132906,53.54285714,1.03668125,14437.67285,6480.708333,4710.416667,13981.52917,11257.9375,-0.067171899,31,19
XII,5,265.9261568,27.25,-0.575,8.825309844,23.45,5.976653125,12567.88526,6455.25,4077.875,11678.45833,7448.439394,-0.083581491,23,52
VI,7,695.3987316,26.07999992,5.55E-18,10.80501399,29.25222875,0.873235,12529.30013,6248.433333,4704.433333,15293.24349,5148.933333,-0.042262508,395,346
II,8,252.9908903,25.1,-0.3,22.2989659,72.08639876,1.2219,13819.59017,6249.966667,4713.1,13176.46667,7962,-0.055943918,127,206
XII,9,263.1472636,24.27999992,0.12,-1,-1,0.89207,12567.88526,7997.8,4847.15,15505.09,10504.86148,-0.090021049,24,11
I,11,380.2245528,24.27499962,-0.125,4.486998942,27.28472222,1.7780625,14512.18652,6979.25,4515.75,15417.38333,15019.5,-0.036948955,31,2
III,8,1049.096899,25.09999962,0.02,8.353909076,38.99189189,0.297226,13843.37539,5481.7,4334.32,14622.31467,4143.452,-0.069231491,645,735
X,12,447.9863252,25.75,-0.3875,16.08027081,36.32221574,4.064154167,12926.38639,5765.041667,4472.375,10193.58889,13485.16524,-0.051110161,322,471
I,2,381.0625533,25.99999953,0.7375,-1,-1,4.19854375,14656.18067,5054.375,3271.916667,15531.75,14853.03125,-0.032891771,18,19
VIII,4,499.1272983,27.39999962,-0.1875,3.378233772,21,3.425825,11980.20573,6581.263889,4615.472222,15085.24524,13545.06528,-0.06059766,37,69
I,10,369.8462386,25.75000048,-0.4375,150.3350136,38.48294788,1.05661875,14512.18652,7341.875,5216.125,15434.73264,14866.27302,-0.079067001,7,10
VII,3,1095.359941,26.875,-0.0375,1.691271829,11.0882353,1.62369375,15064.20898,6598.5,3806.5,15254.625,14742.28572,-0.047404139,144,109
III,4,1016.431951,27.57499981,-0.3625,-1,-1,3.10268,13843.37539,5631.2,3604.5,15321.87738,14739.20802,-0.084368467,8,13
XIII,1,355.0227203,24.92000008,1.06,-1,-1,1.763205,14488.9765,6632.9,3798.666667,13133.1154,9662.754445,-0.035320015,31,17
VI,10,697.4544016,24.6800003,0.64,22.75936268,69.96132376,0.490865,12529.30013,7114.633333,5447.6,14290.43556,13831.70872,-0.03833144,56,26
CAR,2,188.5573259,26.19999981,-1.825,-1,-1,2.899273437,14291.15308,7156.28125,4018.5,14920.27184,14389.48858,-0.048554813,1,2
X,2,437.268082,26.57499981,-0.55,-1,-1,1.332608333,12926.38639,7266.666667,4627.5,10132.79167,12211.09428,-0.075365421,162,188
VIII,6,499.8629475,26.42500019,-0.6875,11.30152897,77.35136128,2.709085417,11980.20573,6459.791667,4291.625,15121.61806,11322.33155,-0.058227142,84,153
IX,6,356.7944429,27.13999977,-0.32,11.91206261,31.54166667,5.845418748,12786.95898,8111.1,5735.033333,14099.80556,2951.8,-0.082683391,33,39
XII,5,270.1146334,26.25,-0.4125,10.69864837,25.55555556,3.06051875,12567.88526,7484.9375,5179.25,11369.96875,7480.666666,-0.072411307,271,260
I,6,365.3339281,26.5,0.1125,-1,-1,0.945575,14512.18652,7008,4602,7813.479168,7425,-0.092324385,70,220
II,10,242.9478003,24.44999981,0.2625,-1,-1,0.455491667,13819.59017,6961.125,4490.916667,15146.84782,14854.45091,-0.089226277,242,88
VI,9,671.9957186,25.54000015,-0.52,18.66118621,42.86078947,1.44125,12529.30013,7036.533333,4817.8,14213.38889,5974.289091,-0.080015646,114,57
CAR,4,188.8148625,27.59999991,-0.675,2.833859994,15.93269231,1.042185938,14291.15308,6899.46875,4027.3125,15184.54273,14454.91272,-0.046244306,2,5
VII,10,1107.15683,24.6800003,0.64,23.21659813,69.96132376,0.52264,15064.20898,4087.3,3497.7,11937.53333,14848.08606,-0.03833144,276,201
III,8,1098.211822,25.25000048,-0.0375,18.17241512,63.6910636,0.3629175,13843.37539,6221.025,4445.4,15196.27679,8107.278413,-0.040912665,1412,660
XIII,11,341.3790086,24.34999943,0.1375,-1,-1,0.7263625,14437.67285,7229.083333,5045.138889,12666.27877,8707.652778,-0.088508188,28,28
CAR,3,181.9579515,27.10000038,0.6375,-1,-1,1.727910937,14291.15308,7624.510417,4178.072917,15070.39628,14527.45792,-0.094424956,6,1
III,10,1004.21197,24.44999981,0.2625,-1,-1,0.5055325,13843.37539,7721.425,5198.2,12132.55,14740.89621,-0.089226277,217,125
V,3,2192.257084,26.45000028,1.5375,3.067272845,6.984375,2.559710417,13428.71777,7274.881944,4927.486111,14046.18472,14845.30783,-0.031624789,12,7
CAR,10,182.9559056,24.44999981,0.2625,-1,-1,0.811242187,14291.15308,8027.15625,4373.15625,15014.21585,14434.65921,-0.089226277,25,18
IX,10,362.6278201,25.32499981,-0.1125,19.79815302,53.54285714,0.88807211,12786.95898,8241.25,6184.333333,12719.02083,7573.5,-0.067171899,48,18
CAR,5,183.9216678,27.25,-0.575,6.568585828,23.45,2.472082813,14291.15308,6957.375,4579.34375,13321.3474,8982.937343,-0.083581491,4,15
IX,7,365.901226,25.42500019,-0.425,5.874910706,9.597222223,0.384063096,12786.95898,7930.625,6017.833333,12787.18056,1240.916667,-0.057158113,102,72
III,1,1083.876844,25.87999992,-1.06,4.830290913,7.716129032,1.594959,13843.37539,6832.16,4352.72,14395.13281,14548.53944,-0.051757035,364,181
III,10,1077.766854,25.32000008,-0.34,13.94306922,59.96666667,1.125832,13843.37539,7104.26,4884.4,15005.55565,14695.39329,-0.053480226,281,284
VI,5,677.4511507,26.25,-0.4125,10.41030067,25.55555556,2.668427083,12529.30013,5114.791667,3784.916667,15182.45833,8770.280357,-0.072411307,10,59
I,3,381.3203996,26.45000028,1.5375,4.317920748,6.984375,2.14934375,14744.79199,4597.625,2898.083333,15801.89167,14939.45626,-0.031624789,19,18
XIII,6,339.998955,26.5,0.1125,-1,-1,1.48686875,14437.67285,7673.083333,5377.333333,7798.493651,3856.25,-0.092324385,24,38
I,10,376.5824736,25.32000008,-0.34,13.08355758,59.96666667,1.990885,14512.18652,6689.4,4229.3,15378.90095,14797.29574,-0.053480226,49,27
III,8,1073.53686,25.1,-0.3,23.78400381,72.08639876,1.274999,13843.37539,5586.5,4386.9,14458.82067,7117.64,-0.055943918,459,383
I,11,370.104085,26.32499981,-0.725,80.12316546,53.46153846,1.5300875,14512.18652,6881.333333,4464.416667,15340.56786,14981.10866,-0.078212631,10,9
III,9,1002.096973,24.27999992,0.12,-1,-1,0.241368,13843.37539,6335.44,4854.22,15222.45133,12630.85594,-0.090021049,521,217
I,4,381.6104767,27.1800003,0.46,-1,-1,1.138505,14844.48027,3944.766667,2643.366667,16716.77429,14902.38331,-0.030188834,18,67
XIII,5,343.009981,27.25,-0.575,7.932331453,23.45,2.900925,14437.67285,7516.25,5093.416667,15685.13274,13796.86457,-0.083581491,6,5
VI,8,687.8085652,25.1,-0.3,24.65860447,72.08639876,1.313565,12529.30013,6084.433333,4995.866667,15206.71,6013.616667,-0.055943918,310,109
XI,3,430.8873945,27.1500001,-0.0875,1.070333312,7.583333333,3.686453125,13562.44726,6855.375,4748.5625,15193.49558,13169.58724,-0.061635676,165,256
IX,4,351.6745003,27.52000046,-0.08,-1,-1,2.192491877,12786.95898,7621.833333,5901.033333,15160.35,8785.777778,-0.09371067,78,126
VI,3,692.6314834,26.875,-0.0375,1.816389407,11.08823529,0.931520833,12529.30013,5750.666667,3639.166667,15480.75939,14831.3169,-0.047404139,22,11
X,3,443.6320389,27.1500001,-0.0875,1.097570954,7.583333333,2.984620833,12926.38639,7333.916667,5016.611111,10269.94444,13526.32153,-0.061635676,66,75
X,2,454.7968755,25.99999953,0.7375,-1,-1,3.73855,13091.0931,6598.944445,4848.625,13918.72222,9761.822917,-0.032891771,114,56
III,8,1024.421938,25.44999981,-0.56875,21.20049788,60.62420635,0.27712,13843.37539,6889.2,5086.15,15219.47083,6748.123333,-0.080951725,358,283
VI,8,679.585885,25.09999962,0.02,9.479944163,38.99189189,0.126435,12529.30013,6778.6,5320.066667,14261.91556,7906.733333,-0.069231491,318,130
VI,4,685.0413171,27.39999962,-0.1875,3.880171168,21,2.690822917,12529.30013,6103.208333,4399.277778,15348.89077,14876.23737,-0.06059766,41,101
XIII,10,350.9452892,25.32000008,-0.34,14.07828141,59.96666667,1.57823,14437.67285,7669,4835.533333,15296.02532,11894.117,-0.053480226,137,56
VIII,1,489.5638583,25.02499962,0.6625,-1,-1,0.761352083,11980.20573,7132.75,4727.958333,14912.61805,14623.10699,-0.087570089,127,100
VIII,2,489.8908135,26.0250001,0.6125,-1,-1,4.179914583,11980.20573,7663.5,5090.833333,13750.57222,14527.93477,-0.086100716,100,21
XI,9,440.4288633,24.625,0.7,19.19755834,65.51662234,4.141296875,13562.44726,7254.9375,5450.625,15824.67917,11140.25,-0.03970309,281,121
VIII,2,506.9742234,25.99999953,0.7375,-1,-1,3.444154167,12128.63021,7030.861111,5113.069444,11324.275,12260.77702,-0.032891771,16,10
CAR,10,189.6679523,24.6800003,0.64,19.97220502,69.96132376,0.61734125,14291.15308,7619.95,4453.075,13439.61565,12206.32087,-0.03833144,99,63
VI,1,658.3176064,24.9000001,1.2625,-1,-1,1.80128125,12529.30013,6077.166667,3736.375,13881.69444,13694.0714,-0.095659922,2,4
III,1,1108.316806,24.92000008,1.06,-1,-1,1.758041,13888.43617,6969.32,4737.92,15150.02467,14795.16551,-0.035320015,303,202
IX,9,371.0211686,24.625,0.7,19.08257647,65.51662234,3.277115491,12786.95898,7381.166667,4848.375,14184.16667,6255.111111,-0.03970309,227,101
I,3,371.2321626,27.2,-0.22,-1,-1,3.539775,14512.18652,4434.2,2779.333333,15708.46952,14880.76123,-0.074354643,1,2
XI,4,418.6547421,27.57499981,-0.3625,-1,-1,4.4241875,13562.44726,6597,4399,16753.31905,14750.76711,-0.084368467,80,81
IX,5,356.4167422,27.25,-0.575,8.620957848,23.45,3.126612676,12786.95898,8153.041667,5947.291667,11519.12917,11523.67307,-0.083581491,34,33
IX,11,354.2344716,24.34999943,0.1375,-1,-1,1.636122067,12786.95898,6479.125,4734.972222,10302.72222,2456.833333,-0.088508188,23,30
II,7,256.2591501,26.07999992,5.55E-18,9.592512464,29.25222875,0.670628333,13819.59017,6136.333333,4025.966667,14651.86111,9067.094508,-0.042262508,156,228
XI,10,415.4742525,24.44999981,0.2625,-1,-1,1.7395,13562.44726,7236.75,4817.0625,16597.94003,15256.66637,-0.089226277,79,55
XII,7,262.422335,25.54000015,-0.28,-1,-1,1.3788875,12567.88526,6924,4843.3,10871.21667,11988.77983,-0.091570151,72,42
VIII,8,487.7656047,24.82500028,-0.175,-1,-1,0.526704167,11980.20573,6659.333333,5160.416667,15273.22222,12107.18056,-0.090802694,315,221
XII,12,280.9885631,24.1500001,0.6375,2.954839425,7.5,2.62456875,12567.88526,6778.75,4537.5,9476.875,9360.420455,-0.03571049,35,79
XI,10,440.9793327,24.6800003,0.64,25.58863395,69.96132376,0.8315875,13562.44726,7132.35,4770.05,14750.5154,13397.64244,-0.03833144,121,75
II,1,247.3735687,26.42499972,-0.3875,6.669425968,8.403225808,0.66918125,13819.59017,7121,4926.041667,15018.05694,14244.97921,-0.067107047,153,59
VIII,12,489.1960337,24.55999985,-0.32,3.469128046,11.02845745,2.502311667,11980.20573,6481.044444,4702.977778,13036.44,8742.022223,-0.087687304,0,127
IX,12,354.6121723,24.55999985,-0.32,3.99417136,11.02845745,4.57471221,12786.95898,7224.266667,4959.888889,10066.26667,10894.43238,-0.087687304,30,33
VII,12,1029.800178,24.55999985,-0.32,3.657455948,11.02845745,3.078155,15064.20898,6839.466667,5441.133333,15115.95,8794.571428,-0.087687304,142,191
XII,8,275.390503,25.1,-0.3,25.935237,72.08639876,2.065845,12567.88526,7430.45,4765,10698.26667,8823.156349,-0.055943918,152,63
XI,8,427.1564355,25.09999962,0.02,10.36577566,38.99189189,0.0665625,13562.44726,7400.15,5120.85,15633.21667,7513.35,-0.069231491,67,152
I,9,366.2041594,24.27999992,0.12,-1,-1,0.63765,14512.18652,7745.5,5169.9,15505.88,11986.81,-0.090021049,55,31
VI,12,665.8287085,24.55999985,-0.32,3.704398332,11.02845745,2.840786667,12529.30013,7075.1,4849.022222,15177.68667,10814.14417,-0.087687304,6,36
VIII,12,501.9881564,25.75,-0.3875,15.30338872,36.32221574,2.7960625,11980.20573,7490.916667,4922.916667,15053.05,14658.53462,-0.051110161,108,156
IX,7,357.1721436,26.1500001,-0.51875,21.67337925,61.5497489,0.877285963,12786.95898,7087.583333,5020.916667,15139.5,12123.46667,-0.081772585,39,64
XI,6,419.6945175,27.13999977,-0.32,11.6379751,31.54166667,7.71415,13562.44726,5409.75,3853.5,11060.68,2979.8,-0.082683391,123,340
XIII,7,350.0984381,25.42500019,-0.425,5.213382393,9.597222223,0.69775,14437.67285,7188.708333,4799.791667,14244.42103,8738.217262,-0.057158113,72,115
VIII,8,504.8490146,25.25000047,-0.0375,17.7158509,63.6910636,0.27856875,11980.20573,6553.041667,4882,15300.81944,8813.05586,-0.040912665,205,132
XI,11,435.1688228,25.44999981,-0.7375,6.829150654,31.34782609,0.90303125,13562.44726,6868.125,4757.625,15644.27847,14902.2182,-0.052230826,168,66
CAR,1,181.7004149,24.9000001,1.2625,-1,-1,2.391504688,14291.15308,6790.6875,3807.59375,14947.30208,14461.74903,-0.095659922,7,8
VI,8,671.2841406,25.44999981,-0.56875,22.63979272,60.62420635,0.303485417,12529.30013,6531.833333,4889.708333,15271.37903,10112.53571,-0.080951725,348,114
V,6,2174.272707,26.84999943,0.325,2.999407448,20.41071429,4.5269125,13185.27474,6607.333333,4864.458333,12306.06528,12534.85638,-0.043601377,65,48
IX,6,369.9300333,26.84999943,0.325,3.714691811,20.41071429,3.81053056,12786.95898,7469.583333,5711.375,11587.375,3681.773809,-0.043601377,560,666
VII,1,1031.540703,25.02499962,0.6625,-1,-1,0.99298125,15064.20898,5022.5,3186.5,11192.33333,14610.90144,-0.087570089,191,88
VII,8,1083.563051,25.1,-0.3,24.22344576,72.08639876,1.94461,15064.20898,5396.5,4596.3,15097.6,5972.25,-0.055943918,292,319
XIII,6,353.1094642,26.84999943,0.325,3.017382792,20.41071429,3.06859375,14437.67285,7047.541667,4852.625,14196.54167,15290.08333,-0.043601377,84,112
IX,2,372.8677053,25.99999953,0.7375,-1,-1,4.214557728,12932.53402,7220.736111,5675.833333,13995.17083,8591.360527,-0.032891771,45,51
II,1,250.9141835,25.82500029,-0.3625,2.57628912,8.681818183,0.757014583,13819.59017,6452.069444,4340.819444,13916.99583,14414.69383,-0.097857243,32,21
VIII,8,492.0160224,25.44999981,-0.56875,21.50501199,60.62420635,0.541575,11980.20573,4099.958333,3451.625,13982.1875,10040.01706,-0.080951725,106,99
CAR,10,186.303881,25.32499981,-0.1125,15.43719553,53.54285714,0.784282813,14291.15308,7776.53125,4681.625,15000.8224,14329.03458,-0.067171899,84,42
XI,8,439.9395573,25.25000048,-0.0375,19.99214186,63.6910636,0.577984375,13562.44726,7307.9375,5079.6875,15758.89375,9314.995834,-0.040912665,348,281
XII,3,282.0356822,26.45000028,1.5375,2.21347159,6.984375,2.00548125,12761.1405,7434.083333,5523.458333,13502.13958,13015.537,-0.031624789,24,28
VI,1,691.2873915,25.87999992,-1.06,4.363331261,7.716129032,1.59366,12529.30013,6943.166667,4148.9,15161.97294,14739.66694,-0.051757035,66,55
XII,3,269.4299786,27.2,-0.22,-1,-1,2.0324675,12567.88526,6925.7,4761.616667,13755.83167,14901.39923,-0.074354643,193,244
XI,5,438.2881492,27.66000023,-0.32,-1,-1,1.918775,13562.44726,7429.7,4756.2,14558.17262,14942.24756,-0.044928377,89,231
XIII,5,339.7480362,26.92500019,-0.2,-1,-1,1.0813875,14437.67285,7701.75,5166.041667,15630.43869,15504.67159,-0.092983021,20,24
I,3,377.9683976,26.875,-0.0375,2.77138937,11.0882353,1.512375,14512.18652,4117.5,2678,15721.53125,14873.47351,-0.047404139,10,2
CAR,10,187.9939647,25.32000008,-0.34,13.18466968,59.96666667,2.14765875,14291.15308,7882.775,4270.075,14915.35254,14317.05462,-0.053480226,16,32
X,5,432.9137957,27.25,-0.575,8.305569656,23.45,5.377516667,12926.38639,4768.083333,3294.958333,8378.555556,12365.3386,-0.083581491,23,53
X,1,454.2944579,24.92000008,1.06,-1,-1,2.681316667,12977.06543,7755.1,5306.533333,12086.9,12662.88708,-0.035320015,75,114
XIII,6,343.2922647,27.13999977,-0.32,10.97530331,31.54166667,3.23481,14437.67285,7762.533333,4915.433333,14667.4796,11007.26317,-0.082683391,5,10
I,7,379.0964752,26.07999992,5.55E-18,9.753007924,29.25222875,1.16085,14512.18652,6961.3,4595.9,12394.51333,12198.98977,-0.042262508,300,449
III,9,1100.091819,24.625,0.7,15.46741494,65.51662234,0.9488475,13843.37539,6956.25,5416.075,13665.30278,4414.586905,-0.03970309,660,352
VII,8,1023.031471,24.82500028,-0.175,-1,-1,0.94954375,15064.20898,2199.375,2567.5,15434.75,11261.57143,-0.090802694,695,558
VII,5,1018.003289,26.92500019,-0.2,-1,-1,3.00153125,15064.20898,7734.375,5285.25,11590.22083,14969.08173,-0.092983021,180,284
II,8,256.5655494,25.25000047,-0.0375,16.76190471,63.6910636,0.2733375,13819.59017,6933,4451.416667,13984.61805,11031.24798,-0.040912665,228,172
XIII,12,354.7404366,24.1500001,0.6375,3.083908411,7.5,2.4579375,14437.67285,6257.5,4453.833333,11286.47222,13588.3628,-0.03571049,16,31
X,10,447.0373141,25.32000008,-0.34,15.02739997,59.96666667,3.098353333,12926.38639,6189.433333,4493.6,11111.1,13749.61908,-0.053480226,437,501
VII,9,1044.884725,25.54000015,-0.52,18.42666085,42.86078947,1.89179,15064.20898,4154.2,3292.7,6091.4,8897.564286,-0.080015646,332,444
III,1,1010.32196,25.02499962,0.6625,-1,-1,0.43548125,13843.37539,6646.9,4060.85,15137.74738,14663.31352,-0.087570089,64,30
II,5,244.9904626,27.25,-0.575,6.53427668,23.45,1.704529167,13819.59017,5128.375,3413.75,15975.01533,8712.218155,-0.083581491,18,24
III,12,1057.321886,25.5250001,0.2,-1,-1,1.1556525,13843.37539,6575.225,4215.5,12924.57778,11699.0501,-0.064942622,250,180
X,10,441.1757748,25.32499981,-0.1125,19.18575025,53.54285714,1.437995833,12926.38639,6457.416667,4812.208333,8947.756944,8598.864286,-0.067171899,376,193
XI,7,426.6059661,25.82499981,0.225,5.765527848,25.00724638,1.97246875,13562.44726,6746.125,4509.625,13666.03125,5720.5625,-0.070304164,452,67
VI,10,672.7072967,25.75000047,-0.4375,150.9213013,38.48294788,0.918110417,12529.30013,7270.583333,5216,15511.17699,13646.88889,-0.079067001,57,41
VII,8,1103.869172,25.25000048,-0.0375,18.98852574,63.6910636,0.28755625,15064.20898,7116.875,4879.625,15450.375,11165.875,-0.040912665,537,509
VII,4,1076.794344,27.39999962,-0.1875,3.665011335,21,3.67046875,15064.20898,5610.583333,3408.833333,15193.99167,14743.0301,-0.06059766,40,45
III,3,1112.311799,26.45000028,1.5375,3.926542945,6.984375,1.20339125,14079.94487,6483.858333,4577.641667,15232.4453,14821.73231,-0.031624789,150,50
XIII,6,346.5542096,25.84000015,-0.24,6.271034768,30.08646616,2.541505,14437.67285,7652.566667,5609.8,14543.25429,10143.0471,-0.071363809,74,50
VI,4,668.5959566,27.57499981,-0.3625,-1,-1,2.845875,12529.30013,6139.5,4070,14142.95,15070.18011,-0.084368467,12,17
CAR,3,183.6480352,27.14000015,-0.16,12.89917888,27.18369565,2.618505,14291.15308,7253.875,4009.075,15040.98563,14453.58704,-0.085241015,1,2
III,2,987.7619958,25.87499953,1.4,-1,-1,0.828795,13843.37539,6662.333333,4553.616667,15190.07083,13176.39847,-0.095047959,101,55
I,7,372.3602402,25.82499981,0.225,4.031765324,25.00724638,1.73786875,14512.18652,6544.25,4224.5,15504.77441,15200.08846,-0.070304164,69,104
CAR,9,186.1751127,24.94999981,-0.0625,24.9812269,67.76515151,1.02065,14291.15308,7524.90625,5277.9375,13184.93021,7136.614583,-0.068146767,147,84
XI,2,443.1200469,25.99999953,0.7375,-1,-1,4.094703125,13718.23779,7098.458333,4959.729167,9890.672918,10976.79167,-0.032891771,132,113
I,8,372.6503173,25.09999962,0.02,7.649299094,38.99189189,0.193475,14512.18652,7573.1,5086.3,12342.65,8815.64,-0.069231491,104,117
IX,2,359.6901481,26.57499981,-0.55,-1,-1,1.193330385,12786.95898,7435.5,5137.833333,15171.14445,13823.8298,-0.075365421,53,32
X,11,441.6781925,25.37999954,0.26,12.03226311,55.16327561,0.803526667,12926.38639,7321.866667,5186.733333,13146.88667,13713.28291,-0.066063215,193,138
III,5,1067.42687,26.80000038,0.28,2.049391918,12.3971831,1.51645,13843.37539,7018.2,4543.72,14634.98876,11345.84038,-0.059418216,40,152
XIII,10,344.3900346,25.75000047,-0.4375,151.2545041,38.48294788,0.91383125,14437.67285,7789.291667,5323.375,15413.80694,13900.42361,-0.079067001,17,40
XII,1,260.3683705,24.9000001,1.2625,-1,-1,2.758715625,12567.88526,7469,4400.125,11314.3125,12952.19034,-0.095659922,7,28
III,7,1046.981902,25.82499981,0.225,4.208911943,25.00724638,1.3418975,13843.37539,6715.9,4829.625,15155.03083,11194.66016,-0.070304164,349,645
V,2,2118.013889,26.57499981,-0.55,-1,-1,2.538694792,13185.27474,6549,4265.5,14495.41389,14719.60492,-0.075365421,63,56
IX,11,358.5990128,26.32499981,-0.725,81.55315144,53.46153846,2.799181565,12786.95898,8022,5576.638889,15272.80555,11360.67407,-0.078212631,25,49
XII,11,272.2491455,25.37999954,0.26,12.87081813,55.16327561,1.0077125,12567.88526,6974.9,4432.4,15408.3,13389.42756,-0.066063215,1,1
V,3,2168.277915,26.875,-0.0375,1.775555734,11.0882353,1.668147917,13185.27474,7416.5,5375.583333,15207.20833,14779.56662,-0.047404139,18,19
IX,3,355.7033076,27.14000015,-0.16,11.77942866,27.18369565,2.404273559,12786.95898,7057.066667,4773.4,12177.23,14882.65128,-0.085241015,28,15
VII,1,1092.072283,25.87999992,-1.06,4.16705441,7.716129032,2.130175,15064.20898,5889.5,3661.8,14950.65,14479.40606,-0.051757035,274,189
II,4,258.9146112,27.1800003,0.46,-1,-1,0.845558333,14144.08861,6124.933333,4323.277778,15576.53513,14903.96871,-0.030188834,16,177
I,6,368.718161,27.13999977,-0.32,8.972200646,31.54166667,3.17626,14512.18652,6133.1,3701.7,15540.56667,11927.5,-0.082683391,4,31
I,5,375.1643189,26.80000038,0.28,2.172590034,12.3971831,2.666685,14512.18652,5093.1,3286.9,15759.40833,12084.1076,-0.059418216,25,80
VIII,2,498.4325185,26.3800003,0.88,1.685791453,5.670588236,3.844975,11980.20573,5684.344444,4646.711111,11981.67222,14570.92893,-0.062791719,59,66
CAR,6,185.7405197,25.84000015,-0.24,4.559138136,30.08646616,2.097305,14291.15308,7374.275,4791.025,15175.37238,12285.07113,-0.071363809,109,305
II,3,258.6082118,26.45000028,1.5375,3.990229177,6.984375,1.223379167,14046.73909,6878.722222,4437.583333,15423.17778,14781.52552,-0.031624789,19,16
I,10,366.4942365,24.44999981,0.2625,-1,-1,0.9919,14512.18652,7070.25,4405.5,15486.65476,14952.37203,-0.089226277,31,7
V,4,2073.975224,27.52000046,-0.08,-1,-1,2.212930833,13185.27474,7443.133333,4962.8,14254.64611,14946.46898,-0.09371067,34,50
X,4,455.7458867,27.1800003,0.46,-1,-1,3.586633333,13306.4791,5947.844444,4060.888889,13312.22556,14732.55701,-0.030188834,14,26
V,11,2088.039928,24.34999943,0.1375,-1,-1,3.159110417,13185.27474,7862.743056,4980.430556,13318.98611,8798.021429,-0.088508188,47,7
XIII,1,338.6816311,24.9000001,1.2625,-1,-1,1.6967,14437.67285,5234.833333,3641.25,12541.23611,12411.57968,-0.095659922,32,12
II,11,243.2201552,24.34999943,0.1375,-1,-1,1.74996875,13819.59017,6576.236111,4203.277778,10123.84722,12032.71532,-0.088508188,88,41
VI,1,699.5100717,24.92000008,1.06,-1,-1,2.266655,12571.70241,6881.566667,4530.5,14090.80222,13803.74895,-0.035320015,39,35
CAR,8,189.3943197,25.25000048,-0.0375,17.20272638,63.6910636,0.45476875,14291.15308,8121.78125,4530.90625,12212.22173,8066.127679,-0.040912665,154,192
VIII,10,501.2933766,25.32000008,-0.34,13.3625027,59.96666667,2.183591667,11980.20573,6820.666667,4869.566667,14074.55,11853.35163,-0.053480226,106,110
CAR,1,183.3744026,25.02499962,0.6625,-1,-1,0.745551563,14291.15308,7547.625,3668.53125,14868.11934,14374.03509,-0.087570089,3,1
I,12,377.130397,25.75,-0.3875,17.91247016,36.32221574,2.73794375,14512.18652,6004.25,3580.25,15336.84445,14717.84294,-0.051110161,10,13
V,1,2164.358243,25.87999992,-1.06,4.218972119,7.716129032,3.066408333,13185.27474,6883.133333,4326.016667,14506.20056,14625.12409,-0.051757035,47,32
III,12,1032.646925,26.45999985,-0.74,12.2759757,31.10289856,0.465822,13843.37539,6712.66,4438.073333,15181.53038,14751.55539,-0.077238993,54,212
VII,3,1014.522239,27.10000038,0.6375,-1,-1,3.25346875,15064.20898,6676.083333,4912.583333,15178.875,14724.875,-0.094424956,161,141
XIII,2,342.1944948,26.0250001,0.6125,-1,-1,3.4857875,14437.67285,7374,4798,13899.92361,13288.27348,-0.086100716,11,6
VI,12,682.3531332,25.5250001,0.2,-1,-1,1.574364583,12529.30013,7405.75,4703.125,11396.075,9860.202198,-0.064942622,14,46
X,8,446.0324788,25.1,-0.3,24.98108537,72.08639876,2.159473333,12926.38639,5911.166667,4529.733333,8179.983333,8697.9,-0.055943918,291,409
V,11,2184.41774,24.27499962,-0.125,4.419118444,27.28472222,5.229630208,13185.27474,7124.875,5001.75,10875.65972,13625.8073,-0.036948955,26,7
VII,12,1070.219029,25.5250001,0.2,-1,-1,1.7566125,15064.20898,5718.25,4046.125,7566.125,10938.61111,-0.064942622,301,143
XIII,9,347.4010607,24.94999981,-0.0625,27.6368043,67.76515151,0.69985625,14437.67285,7905.666667,5265.5,15567.88472,10087.23611,-0.068146767,58,31
VI,1,666.5402866,25.02499962,0.6625,-1,-1,0.969270833,12529.30013,6531.833333,3971.791667,15212.99583,13506.56194,-0.087570089,36,12
III,7,1096.096825,26.07999992,5.55E-18,10.2174753,29.25222875,0.806578,13843.37539,5112.18,3716.76,13305.776,9696.75559,-0.042262508,1116,1412
X,12,430.5133558,24.55999985,-0.32,3.82389808,11.02845745,3.059426667,12926.38639,5421.522222,4242.766667,8042.288889,5893.47108,-0.087687304,61,65
XI,7,432.9669454,25.42500019,-0.425,5.346462698,9.597222223,0.620140625,13562.44726,7554.4375,5454.5625,13519.02083,7479.341518,-0.057158113,327,229
X,6,427.5546741,26.5,0.1125,-1,-1,3.1874375,12926.38639,5728.625,4060.708333,3905.958333,3903.833333,-0.092324385,152,375
CAR,3,185.3220228,27.2,-0.22,-1,-1,3.47953625,14291.15308,7221.866667,3684.1,15145.7925,14430.6729,-0.074354643,4,13
XIII,7,343.5745484,26.1500001,-0.51875,20.05206468,61.5497489,0.5802125,14437.67285,7571.791667,5470.375,15508.1,15000.20023,-0.081772585,10,16
XI,8,433.5174147,25.1,-0.3,24.8729268,72.08639876,2.3953625,13562.44726,7489.85,5252.5,15907.45167,11781.80833,-0.055943918,229,155
XII,2,260.690561,25.87499953,1.4,-1,-1,8.979859375,12567.88526,7467.583333,4687.25,9604.8125,12986.13261,-0.095047959,28,37
IX,10,358.2632789,25.75000047,-0.4375,151.3724342,38.48294788,0.973660953,12786.95898,8177.833333,5999.875,15421.43055,7389.297619,-0.079067001,53,25
V,3,2096.109841,27.14000015,-0.16,11.41790438,27.18369565,3.328673333,13185.27474,7049.833333,4716.866667,12143.53857,13748.57258,-0.085241015,20,17
II,7,242.0286022,25.54000015,-0.28,-1,-1,0.597441667,13819.59017,6252.233333,4667.4,14406.36222,10056.26667,-0.091570151,322,526
XII,11,263.8319185,24.34999943,0.1375,-1,-1,1.14014375,12567.88526,6586.375,4838.583333,9742.833334,5614.1375,-0.088508188,4,8
V,6,2102.104633,27.13999977,-0.32,9.820488841,31.54166667,4.29352,13185.27474,7039.1,4315.65,10803.39167,11174.89127,-0.082683391,78,172
XII,2,273.2962647,26.3800003,0.88,1.997334455,5.670588236,5.0656175,12567.88526,6759.333333,4689.8,15362,14956.8928,-0.062791719,23,30
XIII,8,353.6740316,25.25000047,-0.0375,18.75067617,63.6910636,0.1743625,14437.67285,7332.25,5242.916667,12958.86667,7678.722222,-0.040912665,123,84
XII,2,277.5250151,26.19999981,-1.825,-1,-1,4.098078125,12567.88526,6821.625,4442.5625,15345.52083,14784.19514,-0.048554813,220,169
III,7,1071.421864,25.42500019,-0.425,5.95378084,9.597222223,0.20461125,13843.37539,6142.5,4426.375,13025.44056,8215.410148,-0.057158113,610,459
XI,11,441.5298021,24.27499962,-0.125,6.882773637,27.28472222,2.57596875,13562.44726,6670.0625,4353.9375,16006.96875,11128.75,-0.036948955,75,38
III,1,1059.201883,25.82500028,-0.3625,2.716562493,8.681818183,1.35958,13843.37539,6309.575,4063.008333,15270.97917,14662.60841,-0.097857244,180,98
V,3,2120.089009,27.2,-0.22,-1,-1,5.063261667,13185.27474,6574.25,4401.566667,13705.64778,14772.86527,-0.074354643,56,39
VI,9,696.7428235,24.625,0.7,17.34922646,65.51662234,1.602414583,12529.30013,6172.791667,4610.583333,15600.10615,4974.266667,-0.03970309,157,56
I,3,374.6163955,27.1500001,-0.0875,1.903761865,7.583333333,1.39315625,14512.18652,4409.291667,2650.541667,15654.04167,14916.97173,-0.061635676,15,10
X,4,438.2729173,27.25,-0.175,8.343446635,33.48958333,3.620929167,12926.38639,6357.236111,4280.347222,14370.95417,14840.68606,-0.073331578,130,149
V,6,2150.293539,26.42500019,-0.6875,10.65215243,77.35136128,2.748111458,13185.27474,6564.895833,4799.958333,10966.24306,11924.04119,-0.058227142,166,173
X,4,432.4672022,27.57499981,-0.3625,-1,-1,4.149008333,12926.38639,5655.166667,3948.5,10221.77778,13495.26908,-0.084368467,17,23
XI,2,411.1928241,25.87499953,1.4,-1,-1,10.59785938,13562.44726,6982.1875,4820.208333,15670.21458,11072.35412,-0.095047959,54,57
VII,5,1038.116018,27.25,-0.575,7.813275723,23.45,4.40890625,15064.20898,6420.75,4766.25,15619.875,14867.04021,-0.083581491,47,90
X,4,449.8843474,27.59999991,-0.675,2.332153335,15.93269231,2.636975,12926.38639,6450.25,4398.208333,15589.51389,14732.05677,-0.046244306,219,247
II,9,253.2972896,25.0999999,-0.225,15.15973208,62.21869277,0.352714583,13819.59017,7006.666667,4619.25,15351.1125,14854.08717,-0.054718233,206,163
VI,3,659.5826341,27.10000038,0.6375,-1,-1,2.472977083,12529.30013,6779.763889,4945.819445,14027.94663,14829.70833,-0.094424956,2,10
XII,4,269.7924429,27.25,-0.175,8.815001922,33.48958333,3.61166875,12567.88526,7056.125,5145.291667,15304.46458,14889.94618,-0.073331578,244,271
X,8,428.5595094,24.82500028,-0.175,-1,-1,1.186166667,12926.38639,3676.166667,3191.291667,2608.541667,11245.11711,-0.090802694,410,203
XIII,3,349.0320331,27.1500001,-0.0875,0.851042914,7.583333333,1.64761875,14437.67285,7351.166667,4931.083333,13929.9628,13705.5809,-0.061635676,38,45
II,8,245.8756163,25.44999981,-0.56875,20.18406079,60.62420635,0.483379167,13819.59017,7207.791667,4638.583333,12803.34623,11230.20621,-0.080951725,110,191
XI,11,428.7466803,25.37999954,0.26,12.35261866,55.16327561,0.9522875,13562.44726,7112.95,4506.2,15722.91,14851.13424,-0.066063215,179,146
X,4,426.605663,27.52000046,-0.08,-1,-1,2.677683333,12926.38639,5777.266667,3830.833333,11570.56667,10770.75667,-0.09371067,50,62
VIII,4,507.6690033,27.1800003,0.46,-1,-1,3.663758333,12322.7235,7672,5933.511111,14089.56556,14687.38183,-0.030188834,0,39
III,5,993.8719862,26.92500019,-0.2,-1,-1,1.191525,13843.37539,7224.675,5202.15,15284.81317,11153.56136,-0.092983021,111,419
II,3,247.9523231,27.2,-0.22,-1,-1,2.311825,13819.59017,5627.366667,3484.677778,15407.62349,14741.49465,-0.074354643,25,62
X,10,435.3700598,25.75000047,-0.4375,151.3651444,38.48294788,1.448179167,12926.38639,6116.625,4400,14000.475,10020.52778,-0.079067001,158,122
VI,11,681.6415551,25.37999954,0.26,11.23224529,55.16327561,0.751525,12529.30013,6747.833333,4601.066667,15185.25889,14820.23442,-0.066063215,53,14
CAR,4,185.4668871,27.25,-0.175,7.38121741,33.48958333,3.17886875,14291.15308,7228.572917,3957.15625,15226.61168,14479.03746,-0.073331578,13,15
CAR,4,182.1028158,27.52000046,-0.08,-1,-1,1.9526525,14291.15308,7758.575,4588.875,15144.61637,14778.13648,-0.09371067,1,6
XIII,8,343.8254672,25.44999981,-0.56875,22.52371097,60.62420635,0.4099125,14437.67285,7681.125,5746.916667,15902.75675,6345.666667,-0.080951725,16,16
XI,2,436.7590676,26.19999981,-1.825,-1,-1,3.014171875,13562.44726,7428.625,4734.25,15694.18423,14746.25085,-0.048554813,182,134
VI,6,661.6383042,26.5,0.1125,-1,-1,2.000716667,12529.30013,6148.125,4282.416667,10093.96667,6183.392858,-0.092324385,78,282
VII,9,1065.190846,24.94999981,-0.0625,27.67310785,67.76515151,1.052925,15064.20898,6746.25,5371.25,11553,11021.375,-0.068146767,590,648
II,11,250.3354292,25.37999954,0.26,10.36385279,55.16327561,0.817545,13819.59017,6213.833333,4154.3,13090.05778,14562.68088,-0.066063215,147,81
VII,4,1096.907074,27.59999991,-0.675,2.29918761,15.93269231,1.7322875,15064.20898,6694,3802.25,15198.08333,14831.86773,-0.046244306,109,96
V,10,2182.34262,24.6800003,0.64,21.67946967,69.96132376,1.023683333,13185.27474,7363.983333,4988.65,11345.82778,13387.09439,-0.03833144,14,26
IX,3,368.838898,26.875,-0.0375,2.019990758,11.08823529,1.190756813,12786.95898,7075.666667,4758.666667,14060.625,13698.16958,-0.047404139,92,127
CAR,7,187.5593717,25.42500019,-0.425,5.844146888,9.597222223,0.245696875,14291.15308,7796.84375,4879.0625,12291.54861,9055.4,-0.057158113,58,43
I,12,373.7783949,25.5250001,0.2,-1,-1,1.26644375,14512.18652,6263,3873.625,15326.6131,14821.32083,-0.064942622,62,25
CAR,12,188.2675973,25.75,-0.3875,17.59512382,36.32221574,2.412829688,14291.15308,7095.9375,3530.6875,14782.66079,14205.08601,-0.051110161,20,15
III,7,1022.541941,26.1500001,-0.51875,18.15073734,61.5497489,0.61971125,13843.37539,5112.625,3670.7,15038.90917,6825.587471,-0.081772585,215,358
II,1,258.0294575,24.92000008,1.06,-1,-1,1.532891667,13862.85658,6976.333333,4198.833333,15145.21794,13581.09002,-0.035320015,29,18
V,3,2144.298747,27.1500001,-0.0875,0.895463193,7.583333333,2.5848125,13185.27474,6584.958333,4644.159722,11421.2243,14840.17743,-0.061635676,83,66
VII,7,1061.709797,25.82499981,0.225,4.920170321,25.00724638,0.976475,15064.20898,4463.875,3833.875,15284.5,14742.34616,-0.070304164,280,561
XI,8,414.3733137,24.82500028,-0.175,-1,-1,1.536484375,13562.44726,7170,5375.4375,11811.03125,5734.3125,-0.090802694,248,117
XII,1,268.7453237,26.42499972,-0.3875,5.971143467,8.403225808,1.23758125,12567.88526,7484.3125,4828.125,11626.53125,14844.50563,-0.067107047,69,108
CAR,10,184.6298933,25.75000048,-0.4375,150.356144,38.48294788,1.01525,14291.15308,7894.96875,4770.71875,14944.02597,10812.09776,-0.079067001,49,24
V,2,2094.034721,26.0250001,0.6125,-1,-1,3.875322917,13185.27474,7301.75,4698,12002.82569,14069.59211,-0.086100716,23,20
VI,11,689.9432995,25.44999981,-0.7375,6.85652251,31.34782609,0.506229167,12529.30013,5271.458333,3691.416667,14046.86111,15066.04433,-0.052230826,71,12
IX,4,373.5811399,27.1800003,0.46,-1,-1,3.782700057,13122.90137,8068.277778,5844.777778,15240.04667,14811.49166,-0.030188834,7,97
XII,5,274.3433838,26.80000038,0.28,1.921404704,12.3971831,2.5055125,12567.88526,7644.6,4971.4,12306.5,7428.273809,-0.059418216,54,120
VIII,7,487.39778,25.54000015,-0.28,-1,-1,0.732198333,11980.20573,5159.966667,4031.933333,13379.01349,15096.76667,-0.091570151,239,315
XI,6,426.0554968,25.84000015,-0.24,7.146678738,30.08646616,5.071175,13562.44726,7377.6,4399.6,15645.25952,11967.07929,-0.071363809,410,452
IX,4,369.174632,27.59999991,-0.675,2.713216112,15.93269231,2.798182956,12786.95898,7582.375,4841.041667,15253.93889,14819.71959,-0.046244306,127,193
XIII,12,348.2165469,25.5250001,0.2,-1,-1,1.28130625,14437.67285,6864.5,4708.5,13812.48611,9759.696428,-0.064942622,0,41
III,4,1089.751835,27.5999999,-0.675,2.855731279,15.93269231,0.7740125,13843.37539,5946.2,4037.7,15301.07524,14780.21502,-0.046244306,88,97
IX,9,353.521037,24.27999992,0.12,-1,-1,0.485711051,12786.95898,7861.066667,6156.766667,14533.21556,4070.666667,-0.090021049,61,22
X,3,431.9647846,27.14000015,-0.16,11.1649235,27.18369565,2.554123333,12926.38639,5685.833333,3926.666667,11280.24444,14633.73056,-0.085241015,31,17
VI,11,665.1171304,24.34999943,0.1375,-1,-1,1.438275,12529.30013,6304.416667,4515.847222,10259.22917,13595.29167,-0.088508188,2,6
X,8,440.2267637,25.09999962,0.02,10.14518854,38.99189189,0.080806667,12926.38639,5966.133333,4500.533333,10130.86667,7879.466667,-0.069231491,552,386
VIII,12,497.7377387,25.5250001,0.2,-1,-1,2.100245833,11980.20573,7344.833333,4903.541667,7523.291667,12227.98801,-0.064942622,96,71
II,5,255.6463514,27.66000023,-0.32,-1,-1,0.296046667,13819.59017,5690.166667,3529.966667,15753.56788,9071.013491,-0.044928377,31,71
IX,10,371.3988693,24.6800003,0.64,24.47782956,69.96132376,0.58630656,12786.95898,8269.6,5779.933333,14453.95,11892.21757,-0.03833144,101,70
II,3,244.4117083,27.14000015,-0.16,12.68660697,27.18369565,1.782005,13819.59017,5604.633333,3690,15444.78369,14774.43348,-0.085241015,15,24
XI,10,421.8352317,25.75000048,-0.4375,151.5893754,38.48294788,1.682921875,13562.44726,7041.6875,4331.25,16224.26845,13261.21237,-0.079067001,303,203
II,9,242.6414009,24.27999992,0.12,-1,-1,0.267796667,13819.59017,7062.133333,5066.166667,14424.15894,8992.186667,-0.090021049,431,242
V,9,2084.120257,24.27999992,0.12,-1,-1,0.180936667,13185.27474,7702.2,5798.333333,13133.33722,11717.9175,-0.090021049,122,76
VIII,12,506.2385742,24.1500001,0.6375,2.88699505,7.5,3.7484875,11980.20573,4595.166667,3424.666667,11359.79167,12302.59941,-0.03571049,5,19
VIII,11,501.6612012,25.44999981,-0.7375,6.549350488,31.34782609,0.946545833,11980.20573,6644.333333,4235.625,12578.95635,13496.03017,-0.052230826,110,108
II,7,252.6844909,25.42500019,-0.425,5.712247463,9.597222223,0.25925,13819.59017,6316.916667,4085.625,12957.96667,11199.49583,-0.057158113,80,127
IX,4,364.8100907,27.39999962,-0.1875,3.997737747,21,2.901656389,12786.95898,7728.277778,5454.736111,12672.30417,14712.6007,-0.06059766,13,18
III,6,1069.541867,26.42500019,-0.6875,11.10672587,77.35136128,0.74684125,13843.37539,7237.45,5037.175,14399.63167,10406.36591,-0.058227142,152,610
VI,7,662.3498822,25.54000015,-0.28,-1,-1,0.462711667,12529.30013,7256.066667,4953.633333,15565.09545,10330.22963,-0.091570151,282,266
CAR,8,182.666177,24.82500028,-0.175,-1,-1,0.262965625,14291.15308,6682.96875,4519.03125,11353.31771,9817.560417,-0.090802694,125,61
CAR,9,182.8110413,24.27999992,0.12,-1,-1,0.365085,14291.15308,8073.625,5049.375,14248.8794,8832.765361,-0.090021049,61,25
V,10,2158.363451,25.32000008,-0.34,13.0939783,59.96666667,2.788105833,13185.27474,6832.066667,4599.266667,13133.95833,13812.74014,-0.053480226,53,44
XI,9,421.2847623,25.54000015,-0.52,18.70157157,42.86078947,1.70755,13562.44726,7540.2,4905.8,14145.77516,7427.787576,-0.080015646,311,303
XIII,9,350.6630055,25.0999999,-0.225,19.31078722,62.21869277,1.00433125,14437.67285,7695.791667,5503.125,15352.90046,14896.5647,-0.054718233,114,137
V,8,2130.234042,25.09999962,0.02,8.36340158,38.99189189,0.362475,13185.27474,6765.366667,5065.15,10371.98333,8524.265152,-0.069231491,555,328
XIII,11,344.6409535,26.32499981,-0.725,80.02180551,53.46153846,1.299575,14437.67285,7872.430556,5305.972222,15229.97292,13614.17535,-0.078212631,40,66
V,11,2112.019097,26.32499981,-0.725,79.62108191,53.46153846,1.871666667,13185.27474,7680.097222,4775.277778,11387.97639,14854.475,-0.078212631,55,66
VI,4,701.5657417,27.1800003,0.46,-1,-1,2.272875,12847.31719,6291.977778,4396.822222,14324.02397,14893.50934,-0.030188834,2,309
X,7,433.918631,26.1500001,-0.51875,20.93023021,61.5497489,1.193391667,12926.38639,6448.5,4493.416667,11330.08333,14705.839,-0.081772585,129,159
V,12,2090.115049,24.55999985,-0.32,3.405953152,11.02845745,2.767861667,13185.27474,6807.938889,4473.288889,10479.09722,11236.63992,-0.087687304,7,33
VI,4,676.8186369,27.25,-0.175,8.112442196,33.48958333,3.10225625,12529.30013,6036.041667,4336.694445,15495.78572,14945.54871,-0.073331578,16,10
CAR,2,185.1771585,26.57499981,-0.55,-1,-1,2.018909375,14291.15308,7475.5,4026.75,14982.91081,14347.83423,-0.075365421,8,4
I,2,370.9420855,26.57499981,-0.55,-1,-1,1.9279375,14512.18652,5003,2885.5,15483.92619,14779.49029,-0.075365421,1,1
IX,7,352.7656356,25.54000015,-0.28,-1,-1,1.350182125,12786.95898,6528,5006.7,10264.25111,9922.380952,-0.091570151,219,135
X,7,439.7243461,25.82499981,0.225,5.52316175,25.00724638,1.6767625,12926.38639,5824.666667,4226.25,7778.791667,3692.208333,-0.070304164,349,552
VIII,9,505.1759698,24.625,0.7,16.68646643,65.51662234,2.050272917,11980.20573,3530.916667,3272.958333,13956.45833,4907.402778,-0.03970309,132,81
I,7,375.7122423,25.42500019,-0.425,5.891255603,9.597222223,0.61516875,14512.18652,6710.75,4135.5,15441.26429,7455.125,-0.057158113,159,203
II,5,248.5310774,26.25,-0.4125,9.99863704,25.55555556,1.010239583,13819.59017,5316.25,3432.583333,12979.16131,9952.032616,-0.072411307,34,119
IX,12,363.3832215,25.5250001,0.2,-1,-1,1.372067151,12786.95898,7952.125,5561.875,12786.01389,9870.070513,-0.064942622,18,23
CAR,9,184.485029,25.54000015,-0.52,17.72928937,42.86078947,1.991545,14291.15308,7935.75,4901.375,12825.14464,10822.50008,-0.080015646,24,49
X,6,450.8891827,26.84999943,0.325,3.357654498,20.41071429,5.2440875,12926.38639,6041.833333,4278.416667,7722.083333,8662.423611,-0.043601377,374,568
III,5,1091.866832,27.66000023,-0.32,-1,-1,0.347828,13843.37539,6102.04,4035.5,15417.79886,8363.865594,-0.044928377,97,349
I,4,371.5222397,27.25,-0.175,7.398846546,33.48958333,3.6991875,14512.18652,4113.25,2528.583333,16046.46932,15111.64911,-0.073331578,2,7
IX,3,364.4743568,27.1500001,-0.0875,1.377335294,7.583333333,2.563276034,12786.95898,8040.097222,5286.347222,15286.01111,14836.96466,-0.061635676,27,13
IX,2,350.9610657,25.87499953,1.4,-1,-1,7.084350891,12786.95898,8178.680556,5319.055556,13975.5,12462.51516,-0.095047958,22,27
CAR,9,187.8491004,25.0999999,-0.225,15.51145673,62.21869277,0.548284375,14291.15308,8050.625,5246,15046.30685,11680.80403,-0.054718233,33,16
V,2,2070.055552,25.87499952,1.4,-1,-1,3.175815625,13185.27474,6614.076389,4865.555556,10755.00486,11635.0484,-0.095047959,49,29
XII,1,264.5568471,25.02499962,0.6625,-1,-1,3.0219375,12567.88526,6943.9375,4496.375,15072.95,12901.19338,-0.087570089,11,7
XII,6,266.2886211,27.13999977,-0.32,12.11848422,31.54166667,5.7215225,12567.88526,6186.45,4047,7680.566667,6039.34,-0.082683391,52,67
III,12,1008.206963,24.55999985,-0.32,3.555543374,11.02845745,1.365116,13843.37539,6518.953333,4311.006667,13853.28686,14585.11236,-0.087687304,45,64
VIII,7,504.4811899,26.07999992,5.55E-18,10.00665688,29.25222875,1.075403333,11980.20573,6914.466667,5540.366667,15246.34746,8872.355927,-0.042262508,162,205
I,8,376.0023194,25.1,-0.3,22.64922246,72.08639876,2.103155,14512.18652,7451.1,5169.6,15572.16667,8923.8,-0.055943918,203,82
X,9,452.3406115,24.625,0.7,18.66600187,65.51662234,3.369920833,12926.38639,5587.791667,4222.833333,6401.916667,4969.027778,-0.03970309,510,254
VIII,11,497.3699141,25.37999954,0.26,10.7636671,55.16327561,0.979538333,11980.20573,7357.933333,4930.666667,15009.81111,14711.82044,-0.066063215,111,96
I,4,374.8742418,27.39999962,-0.1875,4.424347013,21,1.6200125,14512.18652,4107.083333,2697.583333,15899.2,15085.4622,-0.06059766,10,25
II,1,240.2923392,24.9000001,1.2625,-1,-1,1.619666667,13819.59017,6937.041667,4386.166667,12618.99782,14704.38117,-0.095659922,67,39
VIII,5,490.953418,27.25,-0.575,7.414527607,23.45,5.060060417,11980.20573,5973.083333,4915.041667,15287.06855,13824.97453,-0.083581491,56,67
VIII,7,500.1899028,25.42500019,-0.425,5.263547002,9.597222223,1.570429167,11980.20573,6138.291667,4700.291667,10163.49306,13792.99358,-0.057158113,153,188
IX,10,367.0343281,25.32000008,-0.34,15.93638482,59.96666667,2.783340169,12786.95898,7933.633333,5774,12314.87778,11880.10477,-0.053480226,25,14
III,11,1055.206889,25.37999954,0.26,10.61682442,55.16327561,1.175982,13843.37539,7231.14,4791.9,15064.95173,14726.06493,-0.066063215,373,250
VI,7,687.0969871,25.42500019,-0.425,5.723818628,9.597222223,0.34044375,12529.30013,7724.416667,4876.708333,13938.47222,5003.192642,-0.057158113,596,310
XIII,3,339.1834688,27.10000038,0.6375,-1,-1,1.90736875,14437.67285,7723.194444,4885.208333,12752.55119,14843.88501,-0.094424956,13,11
VII,10,1026.51252,24.44999981,0.2625,-1,-1,0.7280125,15064.20898,6071.625,3834.75,15393,14776.20285,-0.089226277,283,202
VI,2,700.2216498,25.99999953,0.7375,-1,-1,2.7863375,12667.1075,7133.888889,4338.333333,14017.62917,14849.16419,-0.032891771,35,20
VII,7,1041.597067,26.1500001,-0.51875,19.83237566,61.5497489,1.07985625,15064.20898,7380.25,6019.75,15413.92917,14673.09375,-0.081772585,239,330
III,6,1020.426944,27.13999977,-0.32,9.800348429,31.54166667,1.915901,13843.37539,6300.4,4407.28,15351.772,10184.66505,-0.082683391,38,215
III,7,997.8669799,25.54000015,-0.28,-1,-1,0.488666,13843.37539,6238.18,4920.4,15218.0159,7167.109714,-0.091570151,1778,1494
II,12,254.1824433,25.75,-0.3875,17.21388025,36.32221574,1.561391667,13819.59017,6227.291667,3735.375,13815.88195,14330.70429,-0.051110161,32,47
XIII,5,352.8271805,27.66000023,-0.32,-1,-1,0.56906,14437.67285,7540.6,5332.9,15557.06206,14960.69734,-0.044928377,77,84
IX,7,370.307734,26.07999992,5.55E-18,11.72486421,29.25222875,0.835502018,12786.95898,6809.133333,5397.166667,10087.98889,0,-0.042262508,666,338
X,4,444.0786323,27.39999962,-0.1875,3.609666883,21,3.825604167,12926.38639,6931.875,4410.472222,12714.875,12224.85579,-0.06059766,75,38
XI,3,411.6821302,27.10000038,0.6375,-1,-1,3.8029375,13562.44726,6469.4375,4716.854167,14903.49792,13045.95833,-0.094424956,57,68
V,5,2172.197587,27.66000023,-0.32,-1,-1,0.815281667,13185.27474,6602.066667,4561.383333,13412.05667,13469.81796,-0.044928377,23,65
III,3,989.6419928,27.10000038,0.6375,-1,-1,1.63072375,13843.37539,6796.966667,4254.883333,15328.49833,14780.83468,-0.094424956,55,57
V,6,2077.894896,26.5,0.1125,-1,-1,3.174597917,13185.27474,7472.375,5639.4375,8071.580556,7585.90786,-0.092324385,105,261
I,5,378.516321,27.66000023,-0.32,-1,-1,0.34008,14512.18652,4893.1,3137.2,18399.85667,9097.183696,-0.044928377,9,59
CAR,5,182.2476801,26.92500019,-0.2,-1,-1,1.473003125,14291.15308,7967.5625,4927.40625,12357.02459,9998.883117,-0.092983021,6,90
III,5,1018.311948,27.25,-0.575,6.956926521,23.45,1.794885,13843.37539,5450.125,3696.4,15291.41571,7438.526156,-0.083581491,13,38
II,11,246.76077,26.32499981,-0.725,79.80893345,53.46153846,0.7137875,13819.59017,6431.805556,4273.333333,11423.61806,13399.0687,-0.078212631,216,149
XI,7,439.3890879,26.07999992,5.55E-18,11.23322266,29.25222875,1.574425,13562.44726,6988.45,5211.2,11026.67,5995.916667,-0.042262508,342,348
V,6,2126.083801,25.84000015,-0.24,4.8941219,30.08646616,3.824706667,13185.27474,7197.416667,5167.216667,14820.79833,12701.36221,-0.071363809,297,471
IX,4,360.4455495,27.25,-0.175,8.84182703,33.48958333,2.684848168,12786.95898,7617.236111,5242.638889,15337.72917,12482.63429,-0.073331578,41,46
VIII,1,493.8142761,26.42499972,-0.3875,5.840604607,8.403225808,1.324022917,11980.20573,7253.916667,5370.833333,11229.15278,13285.18202,-0.067107047,51,59
II,2,254.7952421,26.19999981,-1.825,-1,-1,1.742127083,13819.59017,6054.833333,3875.916667,15216.41756,14692.41482,-0.048554813,29,32
X,3,437.7704996,27.2,-0.22,-1,-1,2.251983333,12926.38639,5762.244444,3824.955556,13607.71556,12792.69201,-0.074354643,188,130
XIII,10,354.2072341,24.6800003,0.64,24.47998185,69.96132376,0.349245,14437.67285,7722.4,5192.966667,14315.8073,13999.86014,-0.03833144,74,41
X,12,442.1806101,25.5250001,0.2,-1,-1,2.059679167,12926.38639,6085.875,4354.333333,6330.625,8595.097768,-0.064942622,138,100
IX,2,368.5031641,26.19999981,-1.825,-1,-1,4.186938287,12786.95898,7560.875,5300.916667,15286.75972,14831.16592,-0.048554813,73,92
XI,3,424.465252,27.2,-0.22,-1,-1,2.2072125,13562.44726,7109.8,4930.05,15982.60881,14823.67597,-0.074354643,77,179
VIII,11,488.8282091,24.34999943,0.1375,-1,-1,2.470633333,11980.20573,6733.902778,4911.069444,7721.770833,8754.604167,-0.088508188,0,0
V,8,2154.213211,25.1,-0.3,22.62403639,72.08639876,2.0872225,13185.27474,5562.733333,4389,7795.011111,6535.917619,-0.055943918,173,98
X,10,429.5643447,24.44999981,0.2625,-1,-1,1.161983333,12926.38639,7389.791667,4959.708333,11474.35278,11188.66944,-0.089226277,130,61
II,11,253.9100884,25.44999981,-0.7375,7.658584144,31.34782609,0.40165625,13819.59017,3076.833333,2166.041667,10056,8407.83442,-0.052230826,103,32
VIII,1,502.355981,25.87999992,-1.06,3.963004377,7.716129032,2.802218333,11980.20573,6473.066667,4751.733333,12879.35111,14514.33056,-0.051757035,156,81
XIII,7,353.3917479,26.07999992,5.55E-18,10.5530101,29.25222875,1.25922,14437.67285,6537.966667,4573.633333,11432.64667,8103.13697,-0.042262508,112,123
VI,11,673.3398106,26.32499981,-0.725,80.70577241,53.46153846,1.593079167,12529.30013,6829.013889,5004.472222,11437.31111,13724.49001,-0.078212631,41,25
X,7,445.5300611,25.42500019,-0.425,5.516730152,9.597222223,0.777666667,12926.38639,5339.791667,3982.041667,8871.583333,4897.680556,-0.057158113,174,291
XI,12,435.6581289,25.75,-0.3875,15.61118945,36.32221574,4.460796875,13562.44726,6886.875,4662,16275.52322,13191.89583,-0.051110161,66,223
VIII,8,496.3073096,25.09999962,0.02,8.849852878,38.99189189,0.182461667,11980.20573,6303.9,5078,12175.31667,13262.76405,-0.069231491,262,122
VI,11,698.1659797,24.27499962,-0.125,5.693172088,27.28472222,3.043585417,12529.30013,7803.291667,5503.75,15358.38194,12410.99405,-0.036948955,26,4
III,6,1044.866906,25.84000015,-0.24,5.056648626,30.08646616,1.368746,13843.37539,6889.64,4863.16,15231.13362,10133.28768,-0.071363809,59,349
II,7,249.1438761,25.82499981,0.225,3.81411693,25.00724638,1.199789583,13819.59017,6265.958333,4015.083333,14364.84028,11267.46742,-0.070304164,518,629
XIII,4,342.7590622,27.57499981,-0.3625,-1,-1,1.9489375,14437.67285,6419.333333,4817,15278.12778,13596.69213,-0.084368467,10,6
X,8,451.894018,25.25000047,-0.0375,19.93022126,63.6910636,0.564808333,12926.38639,5580,4558.5,7682.027777,4985.472223,-0.040912665,708,510
VI,2,675.3954807,26.57499981,-0.55,-1,-1,0.6753,12529.30013,5990,3807.333333,14002.82887,14769.93044,-0.075365421,24,12
VIII,1,506.6063988,24.92000008,1.06,-1,-1,3.567616667,12025.87481,5990.866667,4968,12276.26667,11750.3248,-0.035320015,19,16
XIII,11,354.4895178,24.27499962,-0.125,5.876830695,27.28472222,1.4766125,14437.67285,6221.5,4516.166667,13925.19246,15092.97217,-0.036948955,41,16
VIII,6,504.1133653,26.84999943,0.325,2.922961045,20.41071429,3.97829375,11980.20573,6753.583333,5096.5,15231.76944,12507.48286,-0.043601377,142,162
I,12,370.394162,26.45999985,-0.74,12.3226215,31.10289856,1.093815,14512.18652,6410.933333,3827.266667,15292.78691,14908.12497,-0.077238993,9,8
CAR,1,186.7223779,25.82500029,-0.3625,2.702491386,8.681818183,1.226642188,14291.15308,7473.322917,3781.791667,14861.05759,14272.51276,-0.097857244,16,31
I,4,378.2262439,27.59999991,-0.675,2.954914585,15.93269231,1.04844375,14512.18652,3976.5,2639.875,15609.93393,15021.78151,-0.046244306,2,9
II,10,246.4884151,25.75000047,-0.4375,150.3635005,38.48294788,0.62121875,13819.59017,7017.75,4763.666667,15319.12732,9803.431996,-0.079067001,221,216
VI,2,691.9989696,26.19999981,-1.825,-1,-1,3.287164583,12529.30013,5737.833333,3347.708333,15313.89891,14932.22964,-0.048554813,55,22
XIII,12,344.9232371,26.45999985,-0.74,10.52487639,31.10289856,0.9392,14437.67285,6984.188889,4521.355556,14990.3346,14773.17889,-0.077238993,66,62
VI,7,678.8743069,25.82499981,0.225,4.920404119,25.00724638,0.785572917,12529.30013,6492.875,4473.583333,13987.22222,12444.21282,-0.070304164,202,318
II,2,240.5646941,25.87499953,1.4,-1,-1,0.777220833,13819.59017,6843.194444,4272.222222,15029.88194,14399.878,-0.095047958,39,18
VII,4,1036.568885,27.57499981,-0.3625,-1,-1,3.784275,15064.20898,7532,4483.5,15318.70833,14807.11662,-0.084368467,53,47
V,5,2100.029513,27.25,-0.575,7.078858625,23.45,5.239263542,13185.27474,6769.541667,4573.541667,13408.80694,11951.19168,-0.083581491,17,78
CAR,1,185.0483902,26.42499972,-0.3875,6.821666888,8.403225808,1.074864062,14291.15308,7630.0625,4022.5625,14707.96771,14204.82938,-0.067107047,13,8
VII,5,1098.647598,27.66000023,-0.32,-1,-1,0.742955,15064.20898,2464.6,1845.4,15131.71667,14723.90945,-0.044928377,96,163
XIII,8,350.3807218,25.1,-0.3,23.72804403,72.08639876,1.16543,14437.67285,7176.133333,4970.9,14494.6454,5061.5,-0.055943918,115,114
X,1,431.0157735,25.02499962,0.6625,-1,-1,2.175704167,12926.38639,6414.166667,4424.416667,12592.00694,14639.25831,-0.087570089,65,21
XIII,4,352.5448968,27.59999991,-0.675,1.984879767,15.93269231,1.1778625,14437.67285,7440.208333,5289.75,15433.67778,14809.77116,-0.046244306,66,77
VIII,3,498.8003431,27.1500001,-0.0875,0.760993918,7.583333333,2.326075,11980.20573,5684.694445,4435.819444,13867.45833,13386.47963,-0.061635676,66,37
II,8,242.3350016,24.82500028,-0.175,-1,-1,0.21175625,13819.59017,6146.583333,5086.208333,11665.09722,7644.513889,-0.090802694,526,431
XII,1,277.1625508,25.87999992,-1.06,3.993105755,7.716129032,4.2490025,12567.88526,7486.95,5027.9,15103.1,14819.82389,-0.051757035,178,220
VIII,12,493.4464515,26.45999985,-0.74,10.75817672,31.10289856,0.818241667,11980.20573,7082.111111,5224.233333,14938.32222,14629.52774,-0.077238993,16,51
V,8,2178.422948,25.25000048,-0.0375,17.25470763,63.6910636,0.293671875,13185.27474,6537.083333,5200.020833,9650.131945,7561.595858,-0.040912665,79,37
III,10,1028.651931,25.75000048,-0.4375,150.431298,38.48294788,0.8495275,13843.37539,7218.85,4934.875,15167.57976,12694.44333,-0.079067001,231,139
VII,2,1012.975106,25.87499953,1.4,-1,-1,5.17688125,15064.20898,6261.166667,4121.666667,7685.5,7514.472223,-0.095047959,222,161
II,4,251.7993372,27.39999962,-0.1875,4.160673128,21,0.955445833,13819.59017,5936.902778,3984.152778,15562.0827,14873.59069,-0.06059766,18,21
I,1,380.7724762,24.92000008,1.06,-1,-1,2.875965,14556.49238,5416.4,3232.7,15419.59667,14754.75877,-0.035320015,26,18
X,1,436.8214885,26.42499972,-0.3875,5.985708792,8.403225808,1.326079167,12926.38639,5945.458333,4071.208333,10067.25,14621.14637,-0.067107047,142,162
CAR,11,184.7586616,26.32499981,-0.725,80.10028437,53.46153846,1.1844125,14291.15308,7676.635417,4531.75,14899.03567,13485.90448,-0.078212631,24,19
I,12,380.4823991,24.1500001,0.6375,2.70987826,7.5,2.782225,14512.18652,6458,4188,15411.325,14940.60353,-0.03571049,2,26
XI,9,414.9237831,24.27999992,0.12,-1,-1,1.3410125,13562.44726,7215.05,5256.35,15776.205,11867.92975,-0.090021049,117,79
VI,3,700.8541637,26.45000028,1.5375,2.980172488,6.984375,1.998233333,12751.91211,6683.569444,4442,15347.65139,13735.15221,-0.031624789,20,2
VII,3,1054.94109,27.2,-0.22,-1,-1,3.016995,15064.20898,4467.866667,3121.6,15165.16667,14704.54098,-0.074354643,192,96
XIII,1,341.943576,25.02499962,0.6625,-1,-1,0.98479375,14437.67285,7129.916667,4274.416667,15061.80595,13303.96926,-0.087570089,27,11
V,12,2114.094217,26.45999985,-0.74,11.15841654,31.10289856,0.861525833,13185.27474,6979.788889,4515.261111,13155.54611,14769.19459,-0.077238993,66,89
V,2,2142.223626,26.3800003,0.88,1.881387278,5.670588236,3.675585833,13185.27474,7103.711111,4558.483333,13601.41389,13657.55434,-0.062791719,96,83
VI,2,658.9501202,25.87499953,1.4,-1,-1,3.425908333,12529.30013,6010.777778,4330.513889,10304.51111,13536.34103,-0.095047958,4,2
XII,2,264.8790376,26.0250001,0.6125,-1,-1,7.1936125,12567.88526,7051.75,4309.75,15209.71042,14833.29464,-0.086100716,7,14
XI,4,425.0157213,27.25,-0.175,8.364335168,33.48958333,4.613890625,13562.44726,6834.9375,4835.3125,16075.81215,14818.70052,-0.073331578,179,236
VIII,6,495.5716604,25.84000015,-0.24,5.356746834,30.08646616,3.367033333,11980.20573,7329.333333,4964.933333,14164.16905,13128.87899,-0.071363809,50,183
VIII,4,494.8768806,27.25,-0.175,7.396073012,33.48958333,4.46488125,11980.20573,6325.486111,4568.597222,15184.22917,14716.24404,-0.073331578,26,33
IX,8,357.5078775,25.44999981,-0.56875,24.24416369,60.62420635,0.620832554,12786.95898,7184.041667,5322,8937.569444,3765.166667,-0.080951725,64,56
II,1,243.832954,25.02499962,0.6625,-1,-1,0.443489583,13819.59017,7028.375,4386.833333,13773.13194,14561.51532,-0.087570089,29,19
VIII,3,503.0507609,26.875,-0.0375,1.531593095,11.08823529,1.584435417,11980.20573,7892.666667,6186.166667,15041.0125,14641.12913,-0.047404139,72,39
VII,8,1043.144201,25.44999981,-0.56875,22.48640223,60.62420635,0.4812875,15064.20898,7495.625,5836.375,15281.73333,7351.125,-0.080951725,330,332
X,11,447.5397317,25.44999981,-0.7375,6.848079766,31.34782609,0.911908333,12926.38639,6115.166667,4620.208333,12562.27917,13522.51397,-0.052230826,501,322
X,6,439.2219284,25.84000015,-0.24,6.813292274,30.08646616,4.750836667,12926.38639,6762.233333,4328.966667,11382.22222,6911.407603,-0.071363809,223,349
III,6,1093.981828,26.84999943,0.325,3.53150175,20.41071429,2.64405875,13843.37539,7167.05,4955.55,15331.14083,9067.515734,-0.043601377,349,1116
V,4,2194.332204,27.1800003,0.46,-1,-1,3.323245833,13533.05052,7513.238889,5377.711111,15182.88722,14793.06315,-0.030188834,7,2
VII,2,1113.925537,25.99999953,0.7375,-1,-1,3.55405625,15176.25244,7812.791667,5891.541667,11410.20833,14794.74405,-0.032891771,152,124
XI,8,420.734293,25.44999981,-0.56875,23.63991535,60.62420635,1.021734375,13562.44726,7692.5,5357.5,15666.99792,5721.125,-0.080951725,406,311
VI,6,669.9400486,27.13999977,-0.32,10.90810881,31.54166667,3.191466667,12529.30013,6001.5,4470.266667,15182.87913,12088.44317,-0.082683391,131,523
CAR,4,183.7928995,27.57499981,-0.3625,-1,-1,3.071817187,14291.15308,7206.25,3875.5,15152.45952,14517.22106,-0.084368467,2,4
XIII,5,346.2719259,26.25,-0.4125,9.875112184,25.55555556,1.47348125,14437.67285,7345.5,5523.375,14157.48274,11320.54218,-0.072411307,26,74
VI,10,664.4846165,24.44999981,0.2625,-1,-1,0.4731625,12529.30013,6498.625,4689.125,15526.35417,12580.41081,-0.089226277,9,2
IX,9,366.6566274,25.0999999,-0.225,21.256231,62.21869277,1.818846959,12786.95898,7793.416667,5933.958333,14114.31945,12128.9461,-0.054718233,67,25
V,1,2092.190169,25.02499962,0.6625,-1,-1,1.095557292,13185.27474,6667.416667,4326.979167,14413.81528,14192.07712,-0.087570089,33,23
VI,2,667.1728004,26.0250001,0.6125,-1,-1,4.108370833,12529.30013,5696,3661.333333,14025.51706,14807.76544,-0.086100716,12,5
